run,eco_score,transport_score,electricity_score,water_score,recycling_score,plastic_score,level,transport_impact
1,55.39,75.12,58.26,31.2,33.33,65.68,Improving,136.18
2,66.55,76.8,46.32,41.96,100.0,52.99,Eco-Friendly,135.03
3,48.39,37.48,50.45,38.47,66.67,52.99,Improving,182.7
4,47.02,50.04,36.1,55.14,33.33,65.68,Improving,167.13
5,48.38,53.76,65.42,30.34,33.33,52.99,Improving,163.07
6,45.81,19.79,66.97,24.41,66.67,63.22,Improving,203.13
7,44.71,50.64,47.35,42.31,33.33,46.93,Improving,166.51
8,32.56,35.75,10.22,54.15,33.33,33.38,Beginner,184.7
9,46.7,62.1,48.12,37.75,33.33,40.76,Improving,153.28
10,52.11,69.05,53.11,47.09,33.33,46.93,Improving,145.15
11,42.07,67.11,33.32,61.08,0.0,40.76,Improving,147.45
12,54.67,61.94,44.7,37.43,100.0,10.22,Improving,153.44
13,42.65,39.65,70.88,63.62,0.0,46.93,Improving,179.62
14,54.54,57.18,42.13,57.23,66.67,46.93,Improving,159.03
15,40.04,45.77,75.59,33.86,0.0,40.76,Improving,172.6
16,53.66,38.62,49.92,27.64,100.0,52.99,Improving,180.88
17,50.87,56.35,38.47,45.5,66.67,40.76,Improving,159.76
18,64.48,39.88,73.71,65.48,100.0,52.99,Eco-Friendly,179.31
19,43.92,55.06,34.65,51.28,33.33,40.76,Improving,161.81
20,56.09,44.3,44.46,59.37,100.0,33.38,Improving,174.11
21,37.87,26.29,42.86,45.34,33.33,52.99,Beginner,197.05
22,58.86,83.39,51.66,59.28,33.33,52.99,Improving,129.3
23,34.37,24.73,58.7,68.01,0.0,33.38,Beginner,198.81
24,50.05,55.62,71.49,29.7,33.33,52.99,Improving,160.79
25,55.54,59.06,34.9,25.33,100.0,46.93,Improving,156.76
26,52.29,53.41,59.24,77.58,33.33,40.76,Improving,163.48
27,56.27,70.78,45.93,50.08,66.67,33.38,Improving,143.29
28,44.45,54.58,44.06,37.05,33.33,46.93,Improving,162.26
29,41.15,30.86,61.13,45.93,33.33,40.76,Improving,191.17
30,59.09,45.85,59.65,30.25,100.0,59.1,Improving,172.48
31,70.41,61.84,80.21,46.35,100.0,59.1,Eco-Friendly,153.52
32,54.44,51.02,48.38,66.75,66.67,40.76,Improving,165.96
33,43.89,36.38,73.07,55.94,33.33,22.01,Improving,183.75
34,48.09,56.27,29.22,39.45,66.67,40.76,Improving,159.96
35,52.03,68.97,73.71,44.22,33.33,22.01,Improving,145.29
36,43.59,52.61,46.28,45.85,33.33,33.38,Improving,164.5
37,41.3,31.68,19.79,63.28,66.67,33.38,Improving,189.55
38,46.53,38.87,59.42,36.15,66.67,28.19,Improving,180.42
39,57.08,66.14,37.69,56.11,66.67,52.99,Improving,148.96
40,49.33,45.14,43.61,38.57,66.67,52.99,Improving,173.27
41,56.41,34.06,48.46,44.3,100.0,65.68,Improving,186.96
42,57.69,69.31,56.64,15.1,100.0,22.01,Improving,145.01
43,43.91,34.65,50.98,44.54,66.67,22.01,Improving,186.44
44,32.28,16.14,48.95,39.84,33.33,33.38,Beginner,206.28
45,39.56,40.49,50.34,30.43,33.33,40.76,Beginner,178.55
46,46.52,31.52,43.32,59.65,66.67,40.76,Improving,190.03
47,55.23,41.66,72.71,39.93,66.67,59.1,Improving,177.24
48,50.76,58.74,37.96,60.16,33.33,65.68,Improving,157.16
49,42.41,23.01,43.32,43.11,66.67,46.93,Improving,199.81
50,58.29,65.87,42.77,51.81,66.67,59.1,Improving,149.24
51,37.48,27.17,53.88,82.96,0.0,40.76,Beginner,195.18
52,42.15,65.42,48.57,52.0,0.0,33.38,Improving,149.69
53,51.74,31.28,73.58,42.35,66.67,52.99,Improving,190.36
54,48.24,44.94,42.26,71.81,33.33,59.1,Improving,173.52
55,58.76,64.14,68.24,81.12,33.33,46.93,Improving,151.14
56,43.75,52.95,48.46,48.53,33.33,28.19,Improving,164.12
57,55.91,28.72,53.49,63.73,100.0,46.93,Improving,193.49
58,51.15,67.78,48.46,55.66,33.33,40.76,Improving,146.56
59,43.65,40.58,26.68,32.38,66.67,52.99,Improving,178.48
60,60.82,42.18,57.87,57.65,100.0,52.99,Eco-Friendly,176.18
61,49.63,54.54,35.27,83.39,33.33,46.93,Improving,162.28
62,50.56,42.0,44.1,39.69,66.67,65.68,Improving,176.4
63,42.37,29.8,57.74,54.54,33.33,46.93,Improving,192.1
64,46.7,48.49,68.08,32.22,33.33,46.93,Improving,169.22
65,55.06,43.48,79.15,38.77,66.67,46.93,Improving,174.78
66,55.25,74.25,35.27,43.15,66.67,40.76,Improving,137.99
67,29.38,24.57,56.64,55.54,0.0,15.64,Beginner,198.85
68,45.85,53.18,27.64,52.34,33.33,65.68,Improving,163.78
69,59.53,59.6,69.84,93.17,33.33,46.93,Improving,155.9
70,52.81,63.85,51.13,52.68,33.33,59.1,Improving,151.31
71,51.24,48.91,54.46,61.03,33.33,65.68,Improving,168.48
72,58.49,75.92,64.79,60.35,33.33,46.93,Improving,135.68
73,53.59,59.79,52.61,37.9,66.67,40.76,Improving,155.55
74,47.63,38.82,24.57,65.23,66.67,52.99,Improving,180.52
75,46.72,50.9,52.65,3.65,66.67,46.93,Improving,166.16
76,38.2,49.4,26.29,54.39,33.33,22.01,Beginner,167.81
77,43.85,74.39,35.98,35.51,33.33,15.64,Improving,137.96
78,46.29,57.61,43.19,38.37,33.33,52.99,Improving,158.48
79,34.86,30.6,61.84,41.83,0.0,46.93,Beginner,191.55
80,56.22,47.43,41.87,37.8,100.0,52.99,Improving,170.24
81,59.63,41.03,74.67,49.17,100.0,33.38,Improving,177.75
82,62.9,73.84,51.05,42.05,100.0,28.19,Eco-Friendly,139.03
83,27.51,12.32,38.26,41.3,33.33,22.01,Beginner,209.28
84,56.28,61.23,44.46,38.87,66.67,65.68,Improving,154.19
85,43.6,41.21,56.11,25.75,33.33,63.22,Improving,177.62
86,68.13,70.11,57.06,45.46,100.0,59.1,Eco-Friendly,144.06
87,51.68,54.98,71.7,41.57,33.33,52.99,Improving,161.83
88,40.38,32.96,46.7,23.91,66.67,28.19,Improving,188.12
89,63.1,56.39,78.9,66.83,66.67,46.93,Eco-Friendly,159.6
90,44.88,56.93,32.38,50.83,33.33,46.93,Improving,159.22
91,41.08,41.74,60.31,69.22,0.0,40.76,Improving,177.0
92,54.62,46.93,65.74,28.08,66.67,65.68,Improving,171.04
93,36.57,48.3,29.32,67.33,0.0,40.76,Beginner,169.38
94,70.29,69.57,63.96,45.14,100.0,65.68,Eco-Friendly,144.8
95,50.19,48.19,25.03,62.95,66.67,52.99,Improving,169.44
96,60.63,51.47,49.81,60.74,100.0,40.76,Eco-Friendly,165.61
97,50.61,37.54,62.57,68.8,33.33,65.68,Improving,182.59
98,56.91,76.99,60.55,33.8,66.67,22.01,Improving,134.97
99,30.7,18.2,32.45,47.16,33.33,33.38,Beginner,205.32
100,50.26,34.39,56.93,54.58,66.67,46.93,Improving,186.72
101,51.82,40.85,60.31,53.72,66.67,40.76,Improving,178.05
102,49.88,42.09,57.31,36.1,66.67,46.93,Improving,176.3
103,42.76,32.82,55.86,34.83,33.33,65.68,Improving,188.25
104,51.62,41.96,42.05,62.25,66.67,52.99,Improving,176.56
105,52.77,58.34,43.73,79.4,33.33,52.99,Improving,157.47
106,41.23,40.99,69.48,40.16,33.33,15.64,Improving,177.84
107,56.22,74.11,51.66,47.55,33.33,65.68,Improving,138.26
108,47.58,52.91,43.32,42.73,66.67,22.01,Improving,164.15
109,62.48,81.8,42.0,67.26,66.67,40.76,Eco-Friendly,130.45
110,50.19,49.7,45.22,33.03,66.67,52.99,Improving,167.59
111,45.77,50.94,41.61,37.64,33.33,65.68,Improving,166.14
112,40.83,41.48,33.52,53.18,33.33,46.93,Improving,177.34
113,42.67,17.04,40.53,41.74,66.67,65.68,Improving,206.0
114,49.95,36.94,54.86,37.0,100.0,15.64,Improving,183.12
115,58.63,51.05,63.85,29.51,100.0,40.76,Improving,165.95
116,53.32,52.57,59.88,40.85,66.67,40.76,Improving,164.5
117,47.71,74.82,41.61,47.24,0.0,65.68,Improving,136.44
118,43.61,32.67,29.89,55.9,66.67,40.76,Improving,188.32
119,45.29,60.4,34.96,17.45,66.67,28.19,Improving,155.05
120,60.25,67.18,49.21,47.12,66.67,65.68,Eco-Friendly,147.42
121,47.41,49.13,56.39,45.22,33.33,52.99,Improving,168.18
122,54.11,58.97,51.36,38.52,66.67,46.93,Improving,156.91
123,37.54,35.21,45.46,66.27,0.0,52.99,Beginner,185.76
124,56.78,54.35,68.8,48.42,66.67,40.76,Improving,162.44
125,53.33,60.4,49.36,51.85,66.67,28.19,Improving,155.05
126,57.45,55.98,58.26,57.57,66.67,46.93,Improving,160.21
127,44.3,39.55,56.64,68.08,33.33,28.19,Improving,179.77
128,44.25,23.2,38.97,54.78,66.67,52.99,Improving,199.66
129,60.28,46.66,74.25,73.71,66.67,46.93,Eco-Friendly,171.52
130,38.91,11.36,58.7,48.27,33.33,65.68,Beginner,209.56
131,47.38,35.27,48.76,38.42,66.67,52.99,Improving,185.57
132,48.08,40.44,30.95,43.81,66.67,65.68,Improving,178.75
133,52.86,47.85,43.85,68.56,66.67,40.76,Improving,169.8
134,41.56,50.41,39.5,50.98,33.33,28.19,Improving,166.76
135,49.39,63.79,45.65,41.7,66.67,10.22,Improving,151.41
136,44.75,38.01,59.93,44.98,33.33,52.99,Improving,182.09
137,41.7,42.98,15.1,19.79,66.67,63.22,Improving,175.29
138,39.81,39.41,48.83,43.65,33.33,33.38,Beginner,179.83
139,54.83,63.28,76.8,45.18,33.33,46.93,Improving,152.2
140,51.65,51.88,63.45,64.61,33.33,46.93,Improving,165.06
141,61.01,81.12,44.7,43.03,66.67,52.99,Eco-Friendly,131.28
142,48.76,37.16,66.62,51.77,33.33,65.68,Improving,183.0
143,49.88,57.27,43.28,55.74,66.67,15.64,Improving,158.9
144,28.23,10.22,55.46,53.03,0.0,40.76,Beginner,209.91
145,53.34,62.31,39.5,70.68,33.33,63.22,Improving,153.12
146,56.39,58.0,50.75,50.38,66.67,52.99,Improving,158.0
147,52.53,27.75,47.47,45.1,100.0,52.99,Improving,194.45
148,54.03,66.68,31.84,42.48,66.67,52.99,Improving,148.09
149,52.44,47.81,62.52,59.7,66.67,22.01,Improving,169.82
150,52.28,36.89,61.03,45.38,66.67,59.1,Improving,183.18
151,46.37,54.5,63.28,62.79,0.0,52.99,Improving,162.34
152,58.65,77.99,16.14,91.22,66.67,33.38,Improving,134.52
153,59.02,63.06,56.23,62.73,66.67,40.76,Improving,152.47
154,58.55,20.07,60.45,77.18,100.0,59.1,Improving,203.05
155,49.28,68.89,43.48,41.39,33.33,46.93,Improving,145.43
156,42.76,48.64,55.42,60.89,0.0,52.99,Improving,169.1
157,39.4,35.45,41.26,39.31,33.33,52.99,Beginner,185.33
158,48.39,51.2,45.06,52.49,33.33,63.22,Improving,165.71
159,48.48,40.72,69.48,71.28,33.33,33.38,Improving,178.13
160,47.13,30.95,72.36,77.99,33.33,33.38,Improving,191.16
161,48.34,57.52,47.77,33.38,33.33,65.68,Improving,158.57
162,43.83,54.62,59.93,36.61,33.33,22.01,Improving,162.25
163,58.3,61.33,43.61,53.3,66.67,65.68,Improving,154.13
164,43.55,55.82,53.3,41.17,33.33,22.01,Improving,160.69
165,50.9,51.73,37.96,43.36,66.67,52.99,Improving,165.25
166,53.69,26.8,53.68,78.21,66.67,65.68,Improving,196.61
167,58.66,59.51,62.15,53.34,66.67,46.93,Improving,156.16
168,40.67,38.57,37.64,46.39,33.33,52.99,Improving,180.96
169,59.54,42.86,57.23,60.79,100.0,40.76,Improving,175.5
170,44.09,57.1,35.69,40.81,33.33,46.93,Improving,159.07
171,44.15,42.73,57.61,40.67,33.33,46.93,Improving,175.81
172,63.87,79.4,83.86,38.11,66.67,28.19,Eco-Friendly,133.51
173,50.37,42.43,39.65,50.11,66.67,59.1,Improving,175.96
174,60.61,60.69,38.26,51.39,100.0,46.93,Eco-Friendly,154.91
175,51.11,57.87,48.95,48.8,66.67,22.01,Improving,158.16
176,61.76,65.1,35.57,47.77,100.0,52.99,Eco-Friendly,150.22
177,37.79,41.44,41.26,67.11,0.0,46.93,Beginner,177.45
178,49.13,41.61,33.17,47.96,66.67,63.22,Improving,177.3
179,38.14,52.76,3.65,52.53,33.33,46.93,Beginner,164.39
180,50.87,78.44,40.81,50.04,33.33,33.38,Improving,134.15
181,41.0,46.82,29.32,55.38,33.33,40.76,Improving,171.28
182,63.23,82.96,46.2,83.86,33.33,65.68,Eco-Friendly,129.6
183,59.87,53.84,82.17,33.93,66.67,59.1,Improving,162.93
184,48.95,61.38,53.49,47.05,33.33,40.76,Improving,154.06
185,46.24,21.79,35.27,21.1,100.0,63.22,Improving,201.43
186,46.61,57.02,19.5,60.55,33.33,65.68,Improving,159.14
187,53.57,50.34,49.62,54.46,66.67,46.93,Improving,166.85
188,48.13,47.55,56.39,28.3,66.67,33.38,Improving,170.13
189,54.34,33.66,70.39,59.24,66.67,52.99,Improving,187.2
190,60.46,46.2,50.68,44.06,100.0,65.68,Eco-Friendly,171.99
191,56.11,59.1,27.41,52.61,100.0,33.38,Improving,156.76
192,57.96,49.62,38.92,55.02,100.0,46.93,Improving,167.7
193,53.7,42.94,51.96,54.82,66.67,59.1,Improving,175.31
194,58.57,71.81,36.66,48.98,100.0,15.64,Improving,142.11
195,41.25,44.54,46.32,46.32,33.33,33.38,Improving,173.79
196,49.0,59.88,47.2,66.14,33.33,33.38,Improving,155.45
197,52.71,65.17,58.83,70.02,33.33,28.19,Improving,150.16
198,46.7,65.04,58.83,43.69,0.0,59.1,Improving,150.31
199,46.66,52.38,47.01,33.52,33.33,65.68,Improving,164.65
200,51.89,73.2,62.73,62.89,0.0,52.99,Improving,139.65
201,50.84,49.29,24.88,45.69,100.0,28.19,Improving,167.91
202,41.45,43.94,48.95,50.56,33.33,28.19,Improving,174.27
203,48.59,58.26,76.09,42.77,0.0,63.22,Improving,157.56
204,50.77,47.2,51.85,52.65,66.67,33.38,Improving,170.68
205,45.46,49.77,71.59,42.39,0.0,65.68,Improving,167.54
206,55.06,46.78,37.8,24.08,100.0,65.68,Improving,171.39
207,43.24,43.07,54.98,63.17,0.0,65.68,Improving,175.25
208,55.46,62.79,46.82,64.67,66.67,28.19,Improving,152.73
209,63.8,70.58,34.26,39.5,100.0,65.68,Eco-Friendly,143.34
210,54.41,65.81,26.93,72.95,66.67,33.38,Improving,149.3
211,51.17,37.27,57.31,54.35,66.67,46.93,Improving,182.93
212,56.15,65.35,46.86,89.78,33.33,46.93,Improving,149.8
213,56.55,56.81,63.85,48.61,66.67,40.76,Improving,159.28
214,37.5,60.98,44.1,28.51,0.0,40.76,Beginner,154.44
215,45.96,43.44,56.39,59.15,33.33,40.76,Improving,174.89
216,46.49,59.19,33.66,80.21,33.33,22.01,Improving,156.55
217,43.76,50.6,34.77,66.34,33.33,33.38,Improving,166.53
218,64.03,54.11,42.94,62.41,100.0,65.68,Eco-Friendly,162.62
219,43.9,58.39,55.78,68.16,0.0,33.38,Improving,157.36
220,53.76,68.08,48.8,21.33,66.67,46.93,Improving,146.06
221,40.52,47.62,25.47,63.11,33.33,33.38,Improving,170.08
222,27.81,28.82,52.76,35.39,0.0,22.01,Beginner,193.49
223,53.63,46.47,68.89,43.07,66.67,40.76,Improving,171.76
224,64.88,73.97,57.27,60.26,66.67,59.1,Eco-Friendly,138.53
225,38.03,41.83,47.47,40.12,33.33,22.01,Beginner,176.86
226,54.0,62.46,48.38,60.45,33.33,65.68,Improving,152.96
227,47.74,42.31,42.39,29.12,66.67,59.1,Improving,176.06
228,47.72,45.97,53.3,45.02,33.33,65.68,Improving,172.21
229,46.52,67.55,31.52,47.81,33.33,40.76,Improving,146.7
230,39.71,28.62,31.03,58.48,33.33,63.22,Beginner,193.56
231,47.95,53.14,47.39,40.07,33.33,65.68,Improving,163.8
232,56.78,68.56,43.85,41.03,66.67,52.99,Improving,145.53
233,49.51,58.04,56.11,61.38,33.33,33.38,Improving,158.0
234,40.98,47.12,22.82,51.09,33.33,52.99,Improving,170.72
235,36.61,31.11,35.21,43.53,33.33,46.93,Beginner,190.55
236,46.75,54.86,62.79,40.4,33.33,33.38,Improving,162.01
237,44.54,47.28,42.26,53.49,66.67,3.65,Improving,170.44
238,55.35,62.25,30.07,56.43,66.67,59.1,Improving,153.19
239,47.76,34.32,50.04,53.41,66.67,40.76,Improving,186.75
240,53.22,46.08,50.45,73.07,66.67,33.38,Improving,172.04
241,51.4,39.98,31.84,65.68,66.67,65.68,Improving,179.28
242,50.52,64.67,60.12,35.92,33.33,46.93,Improving,150.45
243,46.91,33.93,54.15,50.41,66.67,33.38,Improving,187.03
244,36.47,0.0,36.1,53.11,66.67,52.99,Beginner,214.32
245,36.81,42.35,42.98,50.41,0.0,52.99,Beginner,176.0
246,60.27,64.08,52.34,23.56,100.0,46.93,Eco-Friendly,151.16
247,48.44,39.74,65.1,49.02,33.33,63.22,Improving,179.51
248,40.56,44.7,39.41,31.03,33.33,52.99,Improving,173.67
249,46.52,47.7,62.15,40.49,33.33,46.93,Improving,170.06
250,44.28,40.12,38.97,40.76,66.67,33.38,Improving,179.12
251,58.63,51.43,65.87,58.3,66.67,52.99,Improving,165.62
252,61.15,62.95,60.69,65.04,66.67,46.93,Eco-Friendly,152.59
253,62.12,72.14,54.78,74.53,66.67,33.38,Eco-Friendly,141.67
254,53.82,25.33,50.87,66.2,100.0,40.76,Improving,198.3
255,51.42,26.16,65.61,48.46,66.67,65.68,Improving,197.19
256,34.96,27.41,42.73,29.89,33.33,46.93,Beginner,194.75
257,51.08,51.58,52.65,57.06,33.33,65.68,Improving,165.47
258,49.51,30.07,59.1,55.3,66.67,46.93,Improving,192.04
259,46.48,40.16,54.27,34.9,66.67,33.38,Improving,179.1
260,38.42,38.52,26.03,59.19,33.33,40.76,Beginner,181.0
261,51.98,39.84,59.1,58.43,66.67,40.76,Improving,179.36
262,58.88,47.24,63.22,39.65,100.0,40.76,Improving,170.48
263,54.62,45.54,33.93,41.48,100.0,52.99,Improving,172.72
264,48.02,50.11,59.33,86.13,33.33,10.22,Improving,167.1
265,26.97,46.32,27.41,22.42,0.0,28.19,Beginner,171.91
266,43.61,53.68,53.92,38.82,33.33,28.19,Improving,163.25
267,32.26,31.6,40.21,25.61,33.33,28.19,Beginner,189.61
268,39.94,64.25,30.52,63.67,0.0,33.38,Beginner,150.99
269,41.6,31.99,46.08,74.11,33.33,33.38,Improving,189.18
270,44.57,43.03,51.54,75.92,33.33,22.01,Improving,175.26
271,47.9,55.22,39.98,33.32,66.67,33.38,Improving,161.72
272,31.32,27.86,45.06,20.34,33.33,28.19,Beginner,194.42
273,39.11,29.42,46.59,61.94,33.33,33.38,Beginner,192.92
274,46.99,47.74,41.03,46.01,66.67,28.19,Improving,170.04
275,29.5,13.87,46.12,63.0,33.33,0.0,Beginner,208.03
276,49.75,55.74,46.39,66.97,33.33,46.93,Improving,160.69
277,37.76,42.22,63.67,41.61,0.0,40.76,Beginner,176.17
278,49.92,28.51,48.83,62.68,66.67,59.1,Improving,193.7
279,52.3,36.27,59.42,30.16,100.0,33.38,Improving,183.88
280,59.17,48.61,66.48,54.03,66.67,65.68,Improving,169.16
281,48.42,78.9,39.26,71.92,0.0,40.76,Improving,133.93
282,59.81,56.64,68.56,58.21,66.67,46.93,Improving,159.33
283,48.91,58.7,42.77,66.41,33.33,40.76,Improving,157.17
284,56.09,57.48,77.18,26.42,66.67,40.76,Improving,158.59
285,46.43,75.27,26.8,31.92,33.33,46.93,Improving,136.05
286,49.24,72.25,45.81,37.48,33.33,40.76,Improving,141.57
287,50.48,34.0,64.14,28.41,66.67,65.68,Improving,187.03
288,53.78,77.38,58.21,28.72,33.33,52.99,Improving,134.71
289,37.96,36.44,32.6,51.51,33.33,40.76,Beginner,183.66
290,47.3,29.32,41.61,59.33,66.67,52.99,Improving,192.94
291,45.38,71.08,38.47,56.06,0.0,52.99,Improving,142.97
292,54.03,52.42,44.22,60.59,66.67,46.93,Improving,164.63
293,46.2,48.72,54.27,60.4,33.33,33.38,Improving,168.91
294,45.69,29.7,74.53,48.38,33.33,52.99,Improving,192.19
295,46.35,25.47,50.6,60.94,66.67,40.76,Improving,198.25
296,53.68,50.45,50.26,60.31,66.67,40.76,Improving,166.7
297,48.45,53.53,24.57,28.62,66.67,65.68,Improving,163.38
298,54.57,64.92,53.11,40.9,66.67,33.38,Improving,150.38
299,52.38,71.49,64.98,53.88,0.0,65.68,Improving,142.33
300,51.59,71.92,52.53,32.6,33.33,52.99,Improving,141.8
301,34.36,30.34,28.41,39.11,33.33,46.93,Beginner,191.8
302,34.46,34.9,49.55,28.19,0.0,65.68,Beginner,186.12
303,67.54,68.72,32.96,69.84,100.0,65.68,Eco-Friendly,145.49
304,64.59,91.22,43.48,42.18,66.67,59.1,Eco-Friendly,124.18
305,47.69,55.58,49.62,49.25,33.33,46.93,Improving,160.88
306,60.15,74.67,55.3,23.38,66.67,65.68,Eco-Friendly,137.12
307,44.65,31.84,77.18,45.89,33.33,40.76,Improving,189.47
308,40.79,72.03,37.48,49.74,0.0,28.19,Improving,141.72
309,46.65,43.89,66.68,49.1,33.33,40.76,Improving,174.31
310,50.81,64.55,64.61,57.02,33.33,22.01,Improving,150.66
311,42.7,22.22,58.52,76.99,33.33,40.76,Improving,201.23
312,41.01,6.83,55.86,75.12,33.33,65.68,Improving,212.39
313,41.44,31.2,57.06,59.98,33.33,33.38,Improving,190.42
314,56.49,53.8,51.66,26.03,100.0,40.76,Improving,163.03
315,52.48,36.15,60.12,67.78,66.67,40.76,Improving,184.05
316,53.93,52.72,50.0,65.17,66.67,33.38,Improving,164.42
317,56.95,40.26,66.75,80.5,66.67,40.76,Improving,179.01
318,48.29,39.36,36.44,46.66,66.67,59.1,Improving,179.94
319,54.34,38.21,58.26,53.57,66.67,65.68,Improving,181.33
320,64.47,93.17,48.19,81.8,33.33,52.99,Eco-Friendly,115.99
321,52.54,55.7,72.14,45.26,33.33,52.99,Improving,160.75
322,42.63,26.42,58.13,56.39,33.33,52.99,Improving,197.0
323,46.68,53.96,58.52,47.43,33.33,33.38,Improving,162.79
324,44.95,26.93,43.07,46.47,66.67,52.99,Improving,196.44
325,45.43,46.43,47.09,55.86,33.33,46.93,Improving,171.78
326,52.28,32.07,52.26,53.22,100.0,28.19,Improving,189.08
327,39.61,55.3,31.68,38.62,33.33,28.19,Beginner,161.55
328,63.43,56.97,57.69,35.45,100.0,63.22,Eco-Friendly,159.19
329,54.75,56.89,63.17,44.7,66.67,33.38,Improving,159.22
330,22.46,13.14,17.04,53.8,0.0,46.93,Beginner,208.35
331,50.11,73.58,45.46,16.14,33.33,65.68,Improving,139.05
332,53.29,88.64,59.65,20.6,33.33,33.38,Improving,126.06
333,56.84,46.28,50.45,64.55,66.67,65.68,Improving,171.93
334,51.88,49.32,73.71,13.14,66.67,46.93,Improving,167.88
335,41.66,23.91,62.41,29.61,66.67,28.19,Improving,199.16
336,52.88,54.7,54.58,59.47,66.67,22.01,Improving,162.2
337,55.88,56.19,41.21,69.4,66.67,46.93,Improving,159.99
338,53.73,77.18,31.84,63.96,33.33,52.99,Improving,134.76
339,52.61,34.45,48.95,74.67,66.67,52.99,Improving,186.5
340,58.24,69.48,67.93,55.18,33.33,59.1,Improving,144.81
341,64.15,60.84,52.95,42.98,100.0,59.1,Eco-Friendly,154.76
342,43.03,64.79,20.85,51.66,33.33,33.38,Improving,150.44
343,40.22,44.22,62.04,74.97,0.0,22.01,Improving,174.17
344,68.1,79.66,51.43,52.04,100.0,40.76,Eco-Friendly,133.19
345,44.92,25.89,60.84,23.01,100.0,10.22,Improving,197.56
346,61.26,61.58,51.43,62.1,66.67,65.68,Eco-Friendly,153.72
347,48.46,29.89,65.68,46.04,66.67,40.76,Improving,192.07
348,50.4,35.51,54.86,62.2,66.67,40.76,Improving,185.28
349,39.27,45.06,50.11,27.05,33.33,33.38,Beginner,173.38
350,52.75,15.64,31.84,78.9,100.0,65.68,Improving,206.31
351,40.08,41.35,46.47,37.32,33.33,40.76,Improving,177.52
352,57.42,70.98,64.25,50.64,66.67,15.64,Improving,143.02
353,47.84,45.18,49.25,58.34,66.67,15.64,Improving,173.22
354,49.52,40.81,49.36,65.61,66.67,28.19,Improving,178.09
355,53.05,47.09,33.17,22.82,100.0,59.1,Improving,170.8
356,50.34,31.36,49.62,70.88,66.67,46.93,Improving,190.3
357,43.48,39.06,59.56,40.99,33.33,46.93,Improving,180.28
358,59.28,56.15,42.6,33.66,100.0,59.1,Improving,160.06
359,50.64,59.01,45.3,49.06,33.33,65.68,Improving,156.9
360,46.74,67.48,73.45,56.68,0.0,22.01,Improving,146.93
361,43.38,37.9,43.48,70.2,33.33,40.76,Improving,182.15
362,53.31,51.24,62.31,27.97,66.67,52.99,Improving,165.69
363,48.69,53.07,32.96,57.4,66.67,28.19,Improving,163.94
364,52.29,64.31,57.31,33.45,33.33,65.68,Improving,150.87
365,47.66,47.01,40.58,47.35,66.67,33.38,Improving,170.84
366,33.56,41.52,31.36,33.17,0.0,65.68,Beginner,177.32
367,44.72,66.75,40.9,24.88,33.33,40.76,Improving,148.08
368,61.76,84.9,57.31,61.99,33.33,59.1,Eco-Friendly,129.03
369,59.03,40.94,52.65,44.9,100.0,63.22,Improving,177.94
370,49.51,37.85,75.27,62.62,33.33,46.93,Improving,182.21
371,42.87,32.45,34.26,65.1,33.33,65.68,Improving,188.59
372,67.64,81.45,43.94,67.93,100.0,28.19,Eco-Friendly,130.88
373,42.99,54.78,43.07,53.14,33.33,22.01,Improving,162.15
374,39.04,32.52,44.26,51.02,33.33,40.76,Beginner,188.4
375,55.18,51.17,45.26,50.6,66.67,65.68,Improving,165.8
376,48.58,44.26,44.66,53.53,66.67,33.38,Improving,174.14
377,46.88,52.0,30.52,31.99,66.67,46.93,Improving,165.01
378,53.72,46.24,63.96,58.13,66.67,33.38,Improving,171.97
379,48.47,49.47,35.98,72.71,33.33,59.1,Improving,167.77
380,52.46,52.8,75.12,46.55,33.33,52.99,Improving,164.38
381,54.82,29.98,59.93,58.92,100.0,33.38,Improving,192.06
382,64.31,76.44,18.55,52.11,100.0,65.68,Eco-Friendly,135.34
383,63.97,49.96,68.01,55.62,100.0,46.93,Eco-Friendly,167.41
384,41.27,36.5,62.89,26.93,33.33,46.93,Improving,183.62
385,53.52,37.43,48.3,43.44,100.0,40.76,Improving,182.86
386,47.31,52.65,42.6,36.21,66.67,28.19,Improving,164.47
387,48.94,38.32,36.38,65.29,66.67,46.93,Improving,181.17
388,40.83,23.38,41.39,66.68,33.33,59.1,Improving,199.59
389,47.71,50.26,38.26,49.44,66.67,28.19,Improving,166.91
390,45.4,57.91,61.28,27.29,33.33,33.38,Improving,158.09
391,44.32,51.66,37.48,34.52,33.33,63.22,Improving,165.37
392,59.79,80.5,58.83,36.89,66.67,33.38,Improving,132.9
393,45.02,57.31,39.65,54.86,33.33,33.38,Improving,158.79
394,54.15,63.45,48.95,51.73,66.67,28.19,Improving,152.0
395,38.83,43.36,33.32,61.28,33.33,22.01,Beginner,175.0
396,46.29,57.23,38.57,57.52,33.33,40.76,Improving,159.0
397,44.81,21.1,63.45,30.07,66.67,52.99,Improving,202.23
398,45.05,16.61,82.96,52.95,33.33,59.1,Improving,206.24
399,65.48,64.37,68.97,67.85,66.67,59.1,Eco-Friendly,150.73
400,49.75,33.73,41.52,59.84,100.0,15.64,Improving,187.19
401,42.12,59.24,57.18,39.16,0.0,46.93,Improving,156.39
402,52.43,71.38,44.9,74.25,33.33,28.19,Improving,142.4
403,43.91,39.02,53.92,64.98,33.33,33.38,Improving,180.32
404,56.77,56.11,35.08,52.76,100.0,33.38,Improving,160.12
405,50.9,61.28,84.9,62.84,0.0,40.76,Improving,154.18
406,54.57,52.15,49.81,57.27,66.67,46.93,Improving,164.93
407,52.43,42.13,32.74,69.48,66.67,63.22,Improving,176.27
408,48.18,48.15,70.58,39.41,33.33,46.93,Improving,169.5
409,38.13,75.75,14.52,61.33,0.0,22.01,Beginner,135.74
410,72.84,65.94,61.68,72.48,100.0,65.68,Eco-Friendly,149.2
411,61.12,36.66,67.48,57.87,100.0,52.99,Eco-Friendly,183.5
412,42.99,65.23,50.98,47.39,0.0,40.76,Improving,150.12
413,54.76,53.49,38.77,32.3,100.0,40.76,Improving,163.42
414,52.37,42.77,93.17,35.81,33.33,59.1,Improving,175.68
415,58.84,48.12,47.55,40.21,100.0,59.1,Improving,169.51
416,55.31,60.74,36.89,56.19,66.67,52.99,Improving,154.84
417,46.54,42.56,33.93,24.57,100.0,22.01,Improving,175.87
418,40.83,60.59,44.1,39.26,0.0,52.99,Improving,154.96
419,58.45,49.21,44.82,64.79,100.0,33.38,Improving,168.05
420,58.41,35.57,40.44,65.35,100.0,65.68,Improving,185.09
421,48.14,49.81,28.08,42.0,66.67,52.99,Improving,167.53
422,60.6,53.92,71.08,34.65,100.0,33.38,Eco-Friendly,162.81
423,56.59,72.95,40.3,48.0,66.67,40.76,Improving,140.06
424,46.93,24.88,65.29,65.94,33.33,65.68,Improving,198.65
425,52.89,45.81,50.34,76.8,66.67,28.19,Improving,172.58
426,57.71,69.22,36.33,49.89,66.67,59.1,Improving,145.04
427,62.46,58.79,35.75,54.62,100.0,63.22,Eco-Friendly,157.15
428,57.04,42.48,53.3,50.15,100.0,40.76,Improving,175.91
429,62.63,33.86,86.13,48.68,100.0,52.99,Eco-Friendly,187.06
430,44.17,56.23,32.6,34.0,66.67,15.64,Improving,159.99
431,56.4,60.21,48.95,41.35,100.0,15.64,Improving,155.22
432,38.66,38.72,43.07,37.69,33.33,40.76,Beginner,180.66
433,62.17,68.64,45.65,42.22,100.0,40.76,Eco-Friendly,145.5
434,63.61,63.34,47.01,54.42,100.0,46.93,Eco-Friendly,152.15
435,41.52,56.47,43.44,46.86,0.0,59.1,Improving,159.42
436,42.05,33.59,80.5,58.88,0.0,46.93,Improving,187.26
437,49.13,44.82,79.4,40.63,33.33,46.93,Improving,173.64
438,40.14,54.15,47.89,54.7,0.0,40.76,Improving,162.6
439,51.43,65.61,37.21,51.92,33.33,65.68,Improving,149.47
440,45.59,56.72,41.79,56.97,33.33,33.38,Improving,159.28
441,61.54,74.97,39.45,65.81,66.67,52.99,Eco-Friendly,136.4
442,59.14,70.2,46.86,61.74,66.67,40.76,Improving,144.01
443,48.58,43.65,68.97,27.52,66.67,28.19,Improving,174.62
444,50.45,47.51,74.67,69.14,33.33,28.19,Improving,170.24
445,42.1,46.59,66.75,57.74,0.0,40.76,Improving,171.59
446,44.23,19.19,47.77,38.21,66.67,65.68,Improving,203.52
447,49.89,54.19,72.36,62.04,0.0,65.68,Improving,162.57
448,42.2,44.02,23.74,53.99,33.33,63.22,Improving,174.25
449,53.27,62.41,54.66,60.02,33.33,52.99,Improving,152.98
450,34.01,31.44,39.88,32.89,33.33,33.38,Beginner,190.21
451,42.6,34.71,23.2,47.85,66.67,46.93,Improving,186.18
452,61.23,58.3,58.97,32.74,100.0,46.93,Eco-Friendly,157.48
453,38.76,37.75,40.12,44.18,33.33,40.76,Beginner,182.45
454,39.26,57.44,51.05,38.01,0.0,40.76,Beginner,158.59
455,43.3,27.52,36.78,29.98,66.67,65.68,Improving,194.66
456,52.14,47.16,80.5,48.49,33.33,52.99,Improving,170.7
457,60.35,55.06,53.92,78.44,66.67,52.99,Eco-Friendly,161.81
458,50.79,49.92,42.6,46.12,66.67,46.93,Improving,167.45
459,48.47,58.13,39.84,62.36,33.33,46.93,Improving,157.91
460,42.59,41.79,39.36,44.34,33.33,59.1,Improving,176.89
461,48.76,54.23,37.21,69.57,33.33,52.99,Improving,162.56
462,37.15,29.61,32.74,53.45,33.33,46.93,Beginner,192.5
463,58.59,47.43,55.58,54.9,100.0,33.38,Improving,170.24
464,36.48,41.87,34.77,15.64,33.33,52.99,Beginner,176.82
465,47.64,63.9,31.52,62.57,33.33,40.76,Improving,151.25
466,44.14,61.18,39.26,66.55,0.0,52.99,Improving,154.24
467,46.85,43.85,38.57,56.15,66.67,28.19,Improving,174.33
468,68.58,84.36,66.07,52.42,66.67,59.1,Eco-Friendly,129.15
469,32.05,48.95,45.06,40.02,0.0,15.64,Beginner,168.33
470,40.11,45.46,60.69,42.56,0.0,52.99,Improving,172.83
471,58.78,63.96,38.57,45.81,100.0,33.38,Improving,151.2
472,51.64,44.66,50.34,58.17,66.67,40.76,Improving,173.68
473,49.4,61.94,67.62,42.65,33.33,28.19,Improving,153.44
474,38.15,35.39,59.65,57.1,0.0,46.93,Beginner,185.36
475,58.69,55.34,38.06,49.55,100.0,46.93,Improving,161.53
476,41.73,46.39,54.27,79.66,0.0,33.38,Improving,171.84
477,49.84,61.13,85.48,18.2,33.33,33.38,Improving,154.27
478,36.97,42.52,37.0,34.26,33.33,33.38,Beginner,175.88
479,39.53,58.17,29.32,41.66,33.33,22.01,Beginner,157.77
480,60.93,42.65,57.91,57.35,100.0,52.99,Eco-Friendly,175.83
481,55.44,52.99,44.98,61.79,66.67,52.99,Improving,164.06
482,46.7,25.75,53.68,58.61,66.67,40.76,Improving,197.97
483,45.53,36.61,47.58,55.98,66.67,22.01,Improving,183.51
484,47.56,36.04,59.28,11.36,66.67,65.68,Improving,184.08
485,41.19,31.76,67.78,72.59,33.33,3.65,Improving,189.51
486,40.76,35.92,50.6,66.0,33.33,22.01,Improving,184.3
487,54.3,57.69,69.31,44.1,33.33,65.68,Improving,158.45
488,57.8,70.3,13.87,59.56,100.0,33.38,Improving,143.68
489,44.85,46.16,52.91,58.34,33.33,33.38,Improving,171.99
490,49.79,45.34,63.67,52.84,33.33,59.1,Improving,173.14
491,50.96,70.39,38.77,49.85,33.33,52.99,Improving,143.62
492,54.35,39.31,56.11,67.04,66.67,52.99,Improving,180.06
493,50.12,33.38,37.59,81.45,66.67,46.93,Improving,187.46
494,53.79,74.53,21.33,58.83,66.67,33.38,Improving,137.53
495,55.96,41.12,52.23,69.05,66.67,63.22,Improving,177.68
496,51.21,54.82,61.13,52.8,33.33,52.99,Improving,162.06
497,51.38,60.07,53.3,41.21,33.33,65.68,Improving,155.31
498,43.4,43.61,45.81,43.61,33.33,52.99,Improving,174.67
499,53.88,52.84,82.55,39.88,33.33,59.1,Improving,164.32
500,42.21,25.03,48.64,30.69,66.67,46.93,Improving,198.46
501,54.33,61.89,47.74,57.69,66.67,28.19,Improving,153.48
502,54.93,67.4,58.0,43.19,66.67,22.01,Improving,147.21
503,49.89,44.42,58.0,30.6,66.67,46.93,Improving,173.9
504,53.88,66.07,49.55,38.72,66.67,33.38,Improving,149.05
505,50.22,45.02,81.12,51.43,33.33,40.76,Improving,173.38
506,49.76,60.55,58.13,60.5,33.33,28.19,Improving,155.03
507,50.34,58.92,36.55,71.59,33.33,52.99,Improving,157.02
508,56.63,82.17,54.03,49.77,33.33,46.93,Improving,130.06
509,53.66,54.66,66.97,36.83,66.67,33.38,Improving,162.22
510,61.56,55.94,42.43,42.94,100.0,65.68,Eco-Friendly,160.28
511,64.43,53.34,44.26,71.38,100.0,59.1,Eco-Friendly,163.62
512,36.57,43.4,20.34,70.78,0.0,59.1,Beginner,174.96
513,40.98,26.03,50.11,46.7,33.33,63.22,Improving,197.21
514,38.61,45.89,47.58,35.75,33.33,22.01,Beginner,172.37
515,61.14,50.53,58.97,73.32,66.67,65.68,Eco-Friendly,166.63
516,49.55,68.4,50.87,47.89,33.33,33.38,Improving,145.77
517,65.37,66.97,55.14,48.08,100.0,46.93,Eco-Friendly,147.93
518,56.08,68.16,49.36,61.63,33.33,65.68,Improving,146.0
519,52.7,40.9,27.64,52.45,100.0,46.93,Improving,177.99
520,43.8,42.0,46.12,68.72,33.33,33.38,Improving,176.4
521,45.3,59.47,22.62,67.7,33.33,40.76,Improving,156.19
522,59.12,72.71,69.84,64.25,33.33,46.93,Improving,140.38
523,48.49,79.93,40.12,24.73,33.33,40.76,Improving,132.99
524,45.12,44.34,41.96,58.74,33.33,52.99,Improving,174.0
525,56.62,80.81,56.64,62.52,33.33,33.38,Improving,132.67
526,70.17,77.78,72.95,48.23,100.0,33.38,Eco-Friendly,134.55
527,49.65,27.05,12.32,63.9,100.0,63.22,Improving,196.28
528,57.55,65.68,63.06,51.17,66.67,28.19,Improving,149.41
529,45.0,14.52,12.32,74.25,100.0,46.93,Improving,207.71
530,55.74,66.55,38.16,39.6,66.67,59.1,Improving,148.42
531,49.04,58.43,31.03,26.8,66.67,52.99,Improving,157.28
532,34.78,30.25,52.49,35.69,0.0,65.68,Beginner,191.82
533,49.68,60.02,33.45,49.47,66.67,28.19,Improving,155.38
534,65.23,64.49,59.33,27.75,100.0,65.68,Eco-Friendly,150.67
535,59.33,68.24,67.85,71.18,33.33,52.99,Improving,145.95
536,46.15,27.97,44.46,56.6,66.67,46.93,Improving,194.33
537,48.07,70.88,38.97,67.62,0.0,59.1,Improving,143.21
538,64.44,58.08,52.26,44.74,100.0,65.68,Eco-Friendly,157.96
539,50.93,48.27,41.87,45.3,66.67,52.99,Improving,169.42
540,55.59,32.89,76.62,54.66,66.67,59.1,Improving,188.22
541,58.22,45.3,50.11,69.22,100.0,28.19,Improving,173.15
542,54.17,61.68,55.18,54.11,33.33,65.68,Improving,153.69
543,36.07,34.19,51.66,36.78,33.33,22.01,Beginner,186.76
544,37.94,39.69,28.62,57.57,33.33,33.38,Beginner,179.52
545,57.08,77.58,72.03,19.19,33.33,65.68,Improving,134.7
546,53.72,72.48,28.82,22.62,66.67,63.22,Improving,141.24
547,47.37,37.32,35.57,45.77,66.67,59.1,Improving,182.9
548,53.2,66.83,54.46,44.82,33.33,59.1,Improving,147.95
549,33.98,68.01,23.56,43.48,0.0,15.64,Beginner,146.32
550,55.64,72.59,55.54,66.48,33.33,40.76,Improving,140.61
551,31.93,37.11,31.03,44.26,0.0,52.99,Beginner,183.03
552,60.94,56.31,46.2,79.93,66.67,63.22,Eco-Friendly,159.93
553,50.46,63.56,56.39,30.52,33.33,59.1,Improving,151.87
554,48.92,53.53,39.98,68.32,33.33,52.99,Improving,163.38
555,27.73,29.51,22.22,49.29,0.0,46.93,Beginner,192.5
556,43.46,37.64,50.11,50.23,33.33,52.99,Improving,182.48
557,59.9,40.63,81.8,60.98,66.67,59.1,Improving,178.47
558,57.99,73.45,61.84,72.03,33.33,40.76,Improving,139.1
559,40.19,37.8,59.84,59.56,0.0,52.99,Improving,182.27
560,39.85,20.85,51.85,57.4,33.33,52.99,Beginner,202.4
561,49.29,37.05,54.66,71.49,33.33,65.68,Improving,183.06
562,37.5,41.17,43.73,31.52,33.33,33.38,Beginner,177.64
563,65.62,86.13,61.28,61.23,66.67,33.38,Eco-Friendly,127.28
564,46.12,48.08,53.8,36.04,33.33,59.1,Improving,169.52
565,37.46,55.66,26.55,69.66,0.0,33.38,Beginner,160.75
566,44.45,62.52,60.45,57.31,0.0,33.38,Improving,152.95
567,50.04,46.55,38.97,52.72,66.67,46.93,Improving,171.65
568,43.95,22.01,18.2,58.0,100.0,33.38,Improving,201.24
569,49.57,44.46,49.29,39.98,66.67,46.93,Improving,173.84
570,33.07,56.56,36.66,36.44,0.0,22.01,Beginner,159.36
571,62.6,72.83,29.02,40.53,100.0,59.1,Eco-Friendly,140.35
572,45.89,21.33,56.64,39.79,66.67,59.1,Improving,202.04
573,48.98,45.26,65.17,38.97,33.33,65.68,Improving,173.16
574,47.72,53.61,23.01,70.11,33.33,65.68,Improving,163.37
575,34.78,39.21,61.03,38.67,0.0,33.38,Beginner,180.18
576,44.34,55.54,42.09,30.95,33.33,52.99,Improving,161.04
577,52.76,39.26,60.55,56.68,66.67,46.93,Improving,180.09
578,43.86,48.0,70.02,62.31,0.0,40.76,Improving,169.59
579,54.47,46.63,74.25,29.02,66.67,52.99,Improving,171.58
580,59.16,59.7,54.86,52.91,100.0,15.64,Improving,155.74
581,48.49,42.39,52.04,46.82,66.67,33.38,Improving,176.0
582,50.92,48.42,77.78,41.52,33.33,52.99,Improving,169.26
583,57.16,46.51,25.75,73.45,100.0,46.93,Improving,171.69
584,46.24,54.27,52.34,63.5,33.33,22.01,Improving,162.51
585,55.13,64.02,28.08,49.96,66.67,63.22,Improving,151.18
586,39.73,64.73,36.1,40.35,0.0,46.93,Beginner,150.44
587,47.02,50.79,54.15,61.84,33.33,33.38,Improving,166.31
588,50.31,28.3,55.06,31.28,100.0,40.76,Improving,193.77
589,34.74,28.41,23.2,58.65,33.33,40.76,Beginner,193.75
590,48.27,24.25,52.34,55.5,66.67,59.1,Improving,199.06
591,55.94,71.18,52.04,38.92,66.67,33.38,Improving,142.94
592,53.36,55.5,15.64,37.54,100.0,52.99,Improving,161.14
593,39.03,40.4,63.96,53.37,0.0,40.76,Beginner,178.93
594,44.32,85.48,34.13,50.79,0.0,28.19,Improving,128.6
595,58.9,79.15,44.82,71.08,33.33,59.1,Improving,133.64
596,65.95,72.36,59.93,40.94,100.0,40.76,Eco-Friendly,141.43
597,46.86,61.08,43.61,54.27,33.33,33.38,Improving,154.41
598,41.45,45.38,45.61,46.93,33.33,33.38,Improving,173.11
599,51.1,57.35,68.4,43.4,33.33,46.93,Improving,158.75
600,48.11,51.13,67.18,31.44,33.33,52.99,Improving,165.82
601,49.03,48.76,63.28,59.79,33.33,40.76,Improving,168.74
602,34.12,27.29,19.79,24.25,66.67,33.38,Beginner,195.16
603,31.09,17.45,60.31,51.2,0.0,40.76,Beginner,205.5
604,56.82,59.33,45.06,52.07,66.67,59.1,Improving,156.27
605,35.34,53.22,25.75,34.77,33.33,15.64,Beginner,163.77
606,59.31,44.5,70.11,64.92,66.67,59.1,Improving,173.83
607,50.08,57.78,44.78,36.33,66.67,33.38,Improving,158.41
608,49.51,60.31,58.52,46.24,33.33,40.76,Improving,155.15
609,72.27,87.68,72.25,54.74,100.0,22.01,Eco-Friendly,127.0
610,49.44,30.16,47.89,63.56,66.67,52.99,Improving,192.03
611,49.57,56.68,43.94,41.44,66.67,28.19,Improving,159.29
612,43.98,44.14,30.86,53.65,33.33,65.68,Improving,174.21
613,51.37,51.28,45.46,49.62,66.67,40.76,Improving,165.68
614,46.75,34.83,62.57,61.13,33.33,52.99,Improving,186.16
615,35.26,38.26,30.52,52.19,0.0,65.68,Beginner,181.17
616,47.28,61.53,47.09,44.14,33.33,40.76,Improving,153.83
617,51.55,49.36,53.68,65.74,33.33,63.22,Improving,167.85
618,57.09,67.04,27.05,80.81,66.67,40.76,Improving,147.45
619,52.83,78.21,62.89,14.52,33.33,52.99,Improving,134.45
620,53.43,39.16,59.1,63.28,66.67,46.93,Improving,180.2
621,53.6,55.26,55.06,43.77,66.67,40.76,Improving,161.65
622,56.63,31.92,64.25,47.74,100.0,46.93,Improving,189.45
623,55.02,62.89,87.68,26.68,33.33,52.99,Improving,152.65
624,52.26,78.67,55.18,44.86,33.33,28.19,Improving,134.02
625,67.53,65.48,65.35,35.57,100.0,63.22,Eco-Friendly,149.53
626,58.14,48.87,69.22,55.7,66.67,52.99,Improving,168.61
627,39.42,36.78,54.62,25.03,33.33,46.93,Beginner,183.26
628,64.33,51.7,64.79,42.52,100.0,63.22,Eco-Friendly,165.25
629,55.65,66.62,19.19,38.06,100.0,40.76,Improving,148.31
630,46.61,51.92,17.83,75.43,33.33,63.22,Improving,165.06
631,53.38,44.86,61.84,66.62,66.67,28.19,Improving,173.58
632,49.83,65.55,34.19,44.58,66.67,22.01,Improving,149.51
633,27.79,25.61,48.04,41.79,0.0,28.19,Beginner,198.24
634,69.43,62.2,63.67,86.86,100.0,33.38,Eco-Friendly,153.2
635,46.9,64.61,62.25,47.47,0.0,52.99,Improving,150.51
636,56.64,59.65,53.49,64.73,66.67,33.38,Improving,155.85
637,54.28,56.76,55.86,51.62,66.67,33.38,Improving,159.28
638,45.32,54.46,35.08,68.64,33.33,33.38,Improving,162.38
639,47.13,75.43,55.86,41.92,0.0,46.93,Improving,136.03
640,31.55,19.5,57.91,34.06,33.33,15.64,Beginner,203.34
641,56.66,36.21,84.36,38.26,66.67,65.68,Improving,183.91
642,59.98,55.78,42.26,45.65,100.0,52.99,Improving,160.69
643,62.94,69.66,70.58,38.16,66.67,59.1,Eco-Friendly,144.55
644,55.88,53.72,52.19,73.2,66.67,33.38,Improving,163.22
645,52.4,39.6,89.78,52.99,33.33,52.99,Improving,179.7
646,44.08,58.21,38.21,60.84,0.0,65.68,Improving,157.71
647,48.87,45.65,27.97,55.34,66.67,52.99,Improving,172.66
648,51.68,52.53,51.66,48.34,66.67,33.38,Improving,164.52
649,44.79,45.61,59.42,62.46,0.0,65.68,Improving,172.68
650,64.44,61.74,52.95,36.5,100.0,65.68,Eco-Friendly,153.58
651,48.16,53.45,61.63,46.78,33.33,40.76,Improving,163.42
652,40.2,49.51,36.1,48.19,33.33,28.19,Improving,167.74
653,38.07,42.69,32.22,47.62,33.33,33.38,Beginner,175.82
654,48.64,49.85,49.62,48.3,33.33,65.68,Improving,167.5
655,35.82,47.32,45.3,30.78,0.0,52.99,Beginner,170.41
656,66.41,76.26,40.94,49.32,100.0,52.99,Eco-Friendly,135.46
657,51.4,18.55,64.43,77.78,66.67,52.99,Improving,205.2
658,61.57,49.06,67.62,23.2,100.0,65.68,Eco-Friendly,168.21
659,28.83,35.81,53.3,8.78,0.0,40.76,Beginner,184.65
660,44.09,31.03,41.26,85.48,33.33,46.93,Improving,190.91
661,50.2,67.26,51.54,27.86,33.33,59.1,Improving,147.41
662,49.17,52.11,47.43,82.55,33.33,33.38,Improving,164.96
663,68.31,76.09,71.7,52.26,100.0,22.01,Eco-Friendly,135.66
664,42.73,56.56,21.79,64.86,33.33,33.38,Improving,159.36
665,50.67,44.62,62.31,57.82,33.33,63.22,Improving,173.69
666,44.38,61.03,46.39,58.97,0.0,52.99,Improving,154.43
667,58.85,71.28,27.17,65.55,66.67,59.1,Improving,142.6
668,65.22,52.3,73.2,58.52,100.0,40.76,Eco-Friendly,164.7
669,50.53,45.22,35.81,50.68,66.67,59.1,Improving,173.19
670,52.65,40.49,48.15,53.68,66.67,63.22,Improving,178.55
671,52.22,53.99,40.21,37.59,100.0,15.64,Improving,162.78
672,36.71,49.55,50.04,45.54,0.0,33.38,Beginner,167.7
673,41.1,18.88,69.14,46.59,33.33,52.99,Improving,205.04
674,66.89,44.1,55.78,84.36,100.0,65.68,Eco-Friendly,174.24
675,47.8,46.04,77.78,25.47,33.33,52.99,Improving,172.06
676,44.34,24.08,58.7,59.06,33.33,65.68,Improving,199.12
677,29.4,37.0,46.47,31.84,0.0,28.19,Beginner,183.11
678,59.98,51.39,61.48,28.82,100.0,52.99,Improving,165.62
679,29.71,15.1,57.52,18.55,33.33,28.19,Beginner,206.47
680,56.06,63.62,29.02,53.26,66.67,65.68,Improving,151.73
681,46.22,33.03,68.64,40.44,33.33,65.68,Improving,187.91
682,41.74,58.52,20.34,34.96,66.67,10.22,Improving,157.27
683,61.14,45.5,46.86,73.84,100.0,46.93,Eco-Friendly,172.77
684,48.1,33.45,35.45,96.35,33.33,65.68,Improving,187.35
685,58.3,57.95,44.9,26.55,100.0,52.99,Improving,158.03
686,48.06,52.68,40.94,56.93,33.33,59.1,Improving,164.47
687,58.08,50.87,32.74,61.53,100.0,46.93,Improving,166.2
688,46.12,30.52,49.36,44.78,66.67,46.93,Improving,191.74
689,54.31,53.65,56.06,88.64,33.33,46.93,Improving,163.33
690,43.2,37.21,55.3,28.92,66.67,22.01,Improving,182.96
691,66.19,49.44,66.27,54.98,100.0,65.68,Eco-Friendly,167.79
692,55.01,30.78,57.74,41.87,100.0,52.99,Improving,191.32
693,59.39,53.26,47.58,64.43,100.0,28.19,Improving,163.71
694,52.11,82.55,41.79,35.21,33.33,46.93,Improving,129.94
695,56.67,47.89,54.15,55.26,66.67,65.68,Improving,169.78
696,39.25,32.6,17.45,50.94,66.67,33.38,Beginner,188.38
697,50.65,43.77,38.97,56.27,66.67,52.99,Improving,174.53
698,43.56,38.37,40.4,49.66,33.33,65.68,Improving,181.13
699,40.33,33.52,42.52,59.93,33.33,40.76,Improving,187.34
700,52.47,52.19,86.86,44.42,33.33,40.76,Improving,164.88
701,53.14,49.17,39.5,51.13,66.67,63.22,Improving,168.17
702,48.75,49.1,30.43,76.09,33.33,65.68,Improving,168.19
703,39.54,34.58,30.16,12.32,66.67,52.99,Beginner,186.46
704,50.25,47.05,50.83,50.87,66.67,33.38,Improving,170.82
705,39.07,8.78,52.8,36.66,66.67,46.93,Beginner,212.14
706,51.53,48.23,70.3,49.81,33.33,59.1,Improving,169.43
707,66.07,86.86,62.57,16.61,100.0,33.38,Eco-Friendly,127.16
708,56.72,43.69,34.26,46.08,100.0,65.68,Improving,174.58
709,45.36,60.35,28.51,52.3,33.33,46.93,Improving,155.13
710,59.62,67.62,54.78,47.28,66.67,52.99,Improving,146.66
711,44.87,38.47,40.58,57.95,33.33,65.68,Improving,181.02
712,50.46,66.0,72.59,29.8,33.33,33.38,Improving,149.19
713,35.03,50.83,54.03,6.83,0.0,52.99,Beginner,166.28
714,42.47,54.31,11.36,42.26,66.67,28.19,Improving,162.45
715,42.72,48.46,53.49,57.48,0.0,59.1,Improving,169.23
716,48.46,37.32,71.7,55.42,33.33,52.99,Improving,182.9
717,40.78,25.18,36.83,17.83,66.67,65.68,Improving,198.34
718,53.05,51.36,20.85,42.86,100.0,46.93,Improving,165.64
719,57.15,68.32,65.23,21.56,66.67,46.93,Improving,145.93
720,59.24,62.73,62.41,56.64,66.67,40.76,Improving,152.74
721,42.83,44.78,44.26,39.55,33.33,52.99,Improving,173.65
722,58.68,43.19,75.43,52.15,66.67,63.22,Improving,175.17
723,56.11,62.36,27.29,32.67,100.0,46.93,Improving,153.11
724,58.26,26.68,56.56,60.64,100.0,65.68,Improving,196.62
725,64.61,54.74,51.28,53.84,100.0,65.68,Eco-Friendly,162.19
726,51.82,64.86,37.11,67.18,66.67,10.22,Improving,150.4
727,47.14,51.81,67.18,43.28,33.33,33.38,Improving,165.21
728,40.63,48.53,36.89,33.25,33.33,46.93,Improving,169.22
729,58.23,40.21,58.0,50.19,100.0,46.93,Improving,179.04
730,48.2,63.0,37.85,37.21,33.33,63.22,Improving,152.53
731,44.81,63.5,55.7,31.76,0.0,65.68,Improving,151.93
732,53.3,43.15,67.48,43.24,66.67,46.93,Improving,175.22
733,62.03,60.94,64.14,70.3,66.67,46.93,Eco-Friendly,154.58
734,51.31,52.23,58.26,42.82,66.67,28.19,Improving,164.82
735,44.68,50.68,48.3,40.72,33.33,46.93,Improving,166.5
736,50.57,59.42,52.53,56.89,33.33,46.93,Improving,156.23
737,42.77,39.79,44.38,29.32,66.67,28.19,Improving,179.48
738,57.92,47.58,74.67,55.58,66.67,46.93,Improving,170.11
739,48.21,35.08,66.97,70.58,33.33,46.93,Improving,185.92
740,49.78,52.45,18.88,35.08,100.0,33.38,Improving,164.63
741,40.76,55.42,33.93,37.85,33.33,33.38,Improving,161.36
742,47.5,48.83,64.67,47.58,33.33,40.76,Improving,168.7
743,63.43,71.7,57.06,61.48,66.67,52.99,Eco-Friendly,142.13
744,64.01,62.15,68.48,44.38,100.0,33.38,Eco-Friendly,153.22
745,40.28,54.42,48.72,46.63,33.33,3.65,Improving,162.42
746,48.33,49.66,36.55,64.02,33.33,65.68,Improving,167.69
747,51.12,52.88,47.2,61.18,66.67,22.01,Improving,164.22
748,58.7,44.98,61.28,45.58,100.0,40.76,Improving,173.39
749,39.1,33.17,43.19,51.54,33.33,40.76,Beginner,187.83
750,52.11,43.81,22.22,31.11,100.0,65.68,Improving,174.5
751,53.11,69.05,51.2,56.35,33.33,46.93,Improving,145.15
752,55.34,73.32,29.8,52.88,66.67,40.76,Improving,139.22
753,48.53,34.13,66.27,44.62,66.67,33.38,Improving,186.82
754,43.59,63.73,38.06,34.58,33.33,33.38,Improving,151.51
755,60.26,52.04,55.62,68.89,66.67,65.68,Eco-Friendly,165.0
756,46.17,56.02,47.85,46.74,33.33,40.76,Improving,160.2
757,40.94,37.59,34.71,21.79,66.67,40.76,Improving,182.52
758,52.88,41.57,57.31,57.18,66.67,46.93,Improving,177.31
759,43.35,58.56,65.42,56.47,0.0,28.19,Improving,157.27
760,38.5,42.6,45.3,25.89,33.33,40.76,Beginner,175.86
761,62.54,89.78,47.89,43.85,66.67,40.76,Eco-Friendly,124.53
762,56.17,61.63,66.48,77.38,33.33,40.76,Improving,153.69
763,51.86,67.93,45.81,41.12,33.33,63.22,Improving,146.39
764,62.61,60.79,67.4,51.36,66.67,65.68,Eco-Friendly,154.77
765,43.15,50.15,44.42,50.34,33.33,33.38,Improving,167.03
766,59.22,63.67,38.26,64.31,66.67,63.22,Improving,151.55
767,55.0,67.33,48.83,18.88,66.67,59.1,Improving,147.34
768,40.66,50.71,26.03,71.7,0.0,63.22,Improving,166.47
769,72.52,69.93,56.93,75.27,100.0,59.1,Eco-Friendly,144.18
770,53.42,48.98,35.51,56.23,66.67,65.68,Improving,168.31
771,54.6,52.07,47.32,35.27,100.0,28.19,Improving,164.97
772,45.39,54.03,29.32,64.08,33.33,46.93,Improving,162.78
773,42.13,20.6,39.65,20.07,100.0,33.38,Improving,202.55
774,49.71,46.74,34.96,39.21,66.67,63.22,Improving,171.42
775,43.26,68.48,40.44,34.32,0.0,63.22,Improving,145.75
776,51.41,57.14,45.46,76.44,33.33,46.93,Improving,159.04
777,31.76,35.63,33.59,54.94,0.0,40.76,Beginner,185.09
778,68.02,69.4,78.67,73.97,66.67,46.93,Eco-Friendly,144.85
779,58.47,49.89,60.26,61.68,66.67,59.1,Improving,167.5
780,37.66,29.22,40.58,60.69,33.33,33.38,Beginner,193.19
781,57.88,56.43,52.15,61.58,66.67,52.99,Improving,159.47
782,59.65,45.93,61.48,43.57,100.0,46.93,Improving,172.22
783,45.38,46.12,46.78,56.52,33.33,46.93,Improving,172.04
784,47.83,54.98,63.45,32.96,33.33,46.93,Improving,161.83
785,37.8,57.57,52.0,34.13,0.0,33.38,Beginner,158.51
786,40.83,47.39,33.8,22.22,33.33,65.68,Improving,170.31
787,41.52,3.65,48.04,31.36,100.0,40.76,Improving,214.28
788,53.08,39.5,65.94,45.06,66.67,52.99,Improving,179.81
789,28.97,35.02,41.03,35.02,0.0,33.38,Beginner,186.03
790,51.69,37.64,45.73,78.67,66.67,40.76,Improving,182.48
791,43.25,41.7,30.16,42.43,66.67,33.38,Improving,177.09
792,33.15,29.12,40.58,30.86,33.33,33.38,Beginner,193.22
793,51.62,44.74,63.06,66.07,66.67,15.64,Improving,173.65
794,50.4,32.38,75.92,59.88,33.33,65.68,Improving,188.59
795,36.28,34.19,37.85,31.68,33.33,46.93,Beginner,186.76
796,56.15,58.88,61.84,44.46,66.67,40.76,Improving,157.04
797,29.44,36.1,29.98,43.32,0.0,40.76,Beginner,184.07
798,59.61,45.54,53.65,54.5,100.0,46.93,Improving,172.72
799,44.97,58.83,42.52,40.26,33.33,40.76,Improving,157.14
800,43.7,30.43,44.46,48.91,66.67,33.38,Improving,191.76
801,46.31,23.74,51.85,50.26,66.67,52.99,Improving,199.31
802,51.22,42.26,6.83,67.55,100.0,46.93,Improving,176.1
803,63.74,46.89,61.68,49.92,100.0,65.68,Eco-Friendly,171.07
804,45.02,26.55,65.42,48.91,66.67,22.01,Improving,196.66
805,49.19,38.77,71.18,58.08,33.33,52.99,Improving,180.54
806,45.71,53.37,50.26,27.41,33.33,59.1,Improving,163.56
807,35.92,44.9,52.04,46.89,0.0,33.38,Beginner,173.56
808,51.76,51.32,49.32,47.01,66.67,40.76,Improving,165.66
809,55.63,63.11,69.75,54.23,33.33,52.99,Improving,152.37
810,53.79,48.04,64.43,79.15,33.33,52.99,Improving,169.58
811,44.91,28.08,48.19,61.89,66.67,28.19,Improving,194.2
812,57.89,69.75,58.52,46.16,66.67,33.38,Improving,144.54
813,60.98,71.59,46.86,39.36,100.0,28.19,Eco-Friendly,142.23
814,52.6,60.89,50.45,53.96,33.33,63.22,Improving,154.62
815,51.08,63.17,21.56,49.59,66.67,46.93,Improving,152.32
816,55.55,40.67,56.23,72.14,66.67,52.99,Improving,178.23
817,50.09,80.21,35.81,60.12,0.0,65.68,Improving,132.98
818,35.75,17.83,29.32,60.07,33.33,59.1,Beginner,205.46
819,59.54,66.48,73.71,68.24,33.33,52.99,Improving,148.49
820,52.91,65.29,51.43,68.4,33.33,40.76,Improving,150.0
821,55.44,50.08,52.8,63.22,66.67,46.93,Improving,167.11
822,52.75,40.76,68.24,49.51,66.67,40.76,Improving,178.09
823,32.05,43.28,31.36,44.5,0.0,40.76,Beginner,175.04
824,55.75,67.85,40.81,45.73,66.67,46.93,Improving,146.56
825,43.19,47.93,48.19,62.15,0.0,65.68,Improving,169.73
826,55.91,59.56,62.79,59.74,33.33,65.68,Improving,156.08
827,51.6,60.5,42.86,48.76,66.67,28.19,Improving,155.03
828,37.89,45.65,46.63,39.06,33.33,15.64,Beginner,172.66
829,46.69,43.07,33.8,57.78,66.67,33.38,Improving,175.25
830,58.09,50.19,77.18,54.31,66.67,40.76,Improving,166.97
831,52.2,59.15,37.16,50.49,66.67,40.76,Improving,156.65
832,41.41,20.34,54.03,46.28,66.67,28.19,Improving,202.72
833,42.96,32.74,60.55,48.8,33.33,46.93,Improving,188.3
834,67.61,60.12,79.4,50.53,100.0,40.76,Eco-Friendly,155.24
835,49.49,44.38,47.89,47.66,66.67,40.76,Improving,173.96
836,50.63,48.8,45.3,43.73,66.67,46.93,Improving,168.72
837,60.11,62.84,51.28,58.7,66.67,59.1,Eco-Friendly,152.71
838,51.01,64.43,25.33,29.42,66.67,59.1,Improving,150.68
839,60.63,66.27,68.08,39.02,66.67,52.99,Eco-Friendly,148.63
840,50.16,44.06,43.94,51.88,66.67,46.93,Improving,174.25
841,61.41,50.75,56.31,46.51,100.0,52.99,Eco-Friendly,166.32
842,42.22,51.85,26.42,32.45,33.33,65.68,Improving,165.17
843,52.39,55.38,38.57,32.52,66.67,65.68,Improving,161.52
844,49.58,70.68,50.68,36.38,33.33,40.76,Improving,143.3
845,38.04,36.55,34.58,36.94,33.33,52.99,Beginner,183.56
846,52.53,58.48,45.93,49.7,66.67,33.38,Improving,157.27
847,54.86,60.26,64.43,49.21,33.33,65.68,Improving,155.21
848,46.42,52.49,53.8,35.33,33.33,52.99,Improving,164.62
849,66.42,73.71,81.45,64.49,66.67,33.38,Eco-Friendly,139.03
850,35.33,22.42,36.44,50.75,33.33,46.93,Beginner,200.38
851,50.04,38.67,62.04,51.24,66.67,33.38,Improving,180.7
852,67.62,57.82,73.32,51.05,100.0,52.99,Eco-Friendly,158.25
853,70.25,96.35,54.27,67.48,66.67,46.93,Eco-Friendly,113.09
854,57.77,68.8,40.58,45.42,66.67,59.1,Improving,145.44
855,69.88,69.84,69.4,47.32,100.0,52.99,Eco-Friendly,144.27
856,52.89,38.11,45.73,48.72,100.0,33.38,Improving,181.69
857,60.76,49.25,55.3,52.57,100.0,46.93,Eco-Friendly,167.92
858,51.42,61.79,39.98,55.82,33.33,65.68,Improving,153.56
859,66.65,66.9,59.65,50.71,100.0,46.93,Eco-Friendly,147.94
860,52.25,61.43,70.49,72.36,0.0,59.1,Improving,153.98
861,71.93,54.9,75.59,69.93,100.0,65.68,Eco-Friendly,162.01
862,46.78,51.96,56.02,48.04,33.33,40.76,Improving,165.05
863,57.68,33.8,91.22,59.51,66.67,46.93,Improving,187.15
864,51.54,55.18,66.0,35.14,33.33,65.68,Improving,161.78
865,48.44,43.73,39.79,34.45,66.67,59.1,Improving,174.58
866,59.41,55.14,28.72,55.06,100.0,59.1,Improving,161.79
867,43.35,34.52,55.46,48.57,33.33,52.99,Improving,186.49
868,47.34,47.96,63.28,43.94,33.33,46.93,Improving,169.61
869,54.95,61.48,53.26,42.69,66.67,40.76,Improving,153.88
870,56.09,51.09,76.09,60.21,33.33,65.68,Improving,165.92
871,57.81,56.52,76.99,72.25,33.33,52.99,Improving,159.41
872,42.02,33.32,24.08,59.1,66.67,33.38,Improving,187.46
873,49.72,50.49,8.78,44.66,100.0,40.76,Improving,166.65
874,46.61,51.77,59.56,42.6,33.33,40.76,Improving,165.23
875,52.25,59.37,53.11,73.58,33.33,40.76,Improving,156.26
876,38.88,50.38,39.88,13.87,33.33,46.93,Beginner,166.79
877,36.25,23.56,32.15,48.15,33.33,59.1,Beginner,199.32
878,45.56,38.06,54.27,51.7,33.33,59.1,Improving,181.96
879,44.52,36.33,37.43,64.08,33.33,65.68,Improving,183.8
880,54.53,43.57,66.07,33.73,66.67,65.68,Improving,174.67
881,48.98,66.41,66.2,32.82,33.33,28.19,Improving,148.57
882,51.87,28.19,53.11,26.16,100.0,59.1,Improving,193.95
883,49.77,40.35,61.28,33.59,66.67,46.93,Improving,178.98
884,54.81,55.9,54.98,0.0,100.0,46.93,Improving,160.41
885,45.31,45.73,33.66,58.04,33.33,63.22,Improving,172.62
886,43.03,44.18,24.41,48.87,66.67,28.19,Improving,174.17
887,48.43,41.08,34.26,42.9,66.67,63.22,Improving,177.74
888,45.71,34.96,41.39,31.6,66.67,59.1,Improving,186.06
889,54.58,43.53,31.76,54.19,100.0,46.93,Improving,174.77
890,46.76,67.7,37.69,34.71,33.33,46.93,Improving,146.63
891,52.9,47.35,48.95,63.06,66.67,40.76,Improving,170.36
892,38.2,21.56,57.74,37.16,33.33,52.99,Beginner,201.92
893,46.61,59.98,31.03,64.19,33.33,40.76,Improving,155.42
894,60.1,40.07,52.45,51.58,100.0,65.68,Eco-Friendly,179.22
895,45.82,48.34,35.81,50.9,33.33,65.68,Improving,169.37
896,43.98,45.42,57.61,47.7,33.33,33.38,Improving,173.01
897,52.77,62.57,49.51,57.14,33.33,59.1,Improving,152.83
898,53.94,38.42,96.35,56.85,33.33,52.99,Improving,181.11
899,42.93,46.86,34.52,55.1,33.33,46.93,Improving,171.13
900,32.08,27.64,42.13,35.98,33.33,22.01,Beginner,194.46
901,49.26,53.88,70.11,17.04,33.33,65.68,Improving,162.81
902,56.93,76.62,42.43,58.79,66.67,22.01,Improving,135.23
903,50.44,28.92,41.52,68.48,66.67,65.68,Improving,193.28
904,45.85,75.59,37.0,64.37,0.0,40.76,Improving,135.8
905,63.28,66.2,64.67,67.4,66.67,46.93,Eco-Friendly,148.7
906,60.24,35.98,60.94,49.36,100.0,65.68,Eco-Friendly,184.18
907,47.41,33.25,61.13,57.91,33.33,65.68,Improving,187.72
908,51.58,57.06,27.86,56.81,66.67,46.93,Improving,159.12
909,33.15,22.82,22.01,35.86,33.33,65.68,Beginner,199.93
910,36.42,24.41,37.38,58.97,33.33,40.76,Beginner,199.0
911,58.98,83.86,38.87,43.98,66.67,40.76,Improving,129.29
912,51.9,33.1,72.71,72.71,33.33,65.68,Improving,187.88
913,58.98,60.64,64.92,37.38,66.67,59.1,Improving,154.93
914,47.79,45.1,58.43,53.07,33.33,52.99,Improving,173.36
915,57.86,55.46,78.44,34.39,66.67,46.93,Improving,161.22
916,40.46,43.98,42.98,33.1,33.33,46.93,Improving,174.27
917,45.62,39.93,65.04,46.2,33.33,46.93,Improving,179.3
918,57.2,62.04,54.54,36.55,66.67,59.1,Improving,153.37
919,42.94,35.86,51.36,48.64,33.33,52.99,Improving,184.56
920,52.13,50.98,37.32,53.92,66.67,52.99,Improving,166.08
921,59.66,70.02,50.75,48.12,66.67,52.99,Improving,144.14
922,56.77,48.38,67.18,56.31,66.67,46.93,Improving,169.35
923,40.38,53.03,52.8,26.29,33.33,22.01,Improving,164.01
924,41.51,29.02,25.18,55.46,66.67,40.76,Improving,193.28
925,58.03,62.62,32.45,63.79,66.67,65.68,Improving,152.78
926,43.71,32.22,41.03,49.96,66.67,33.38,Improving,188.93
927,57.97,39.45,49.81,42.13,100.0,65.68,Improving,179.83
928,54.95,48.57,43.73,68.97,66.67,52.99,Improving,169.21
929,49.02,30.69,48.57,70.98,66.67,40.76,Improving,191.5
930,54.54,44.58,51.13,76.62,66.67,40.76,Improving,173.74
931,52.27,73.07,56.89,41.26,33.33,40.76,Improving,140.01
932,32.11,32.3,28.08,34.19,33.33,33.38,Beginner,188.92
933,45.18,51.62,30.34,84.9,33.33,28.19,Improving,165.42
934,59.27,36.83,56.6,46.97,100.0,65.68,Improving,183.2
935,53.67,56.06,46.7,53.76,66.67,40.76,Improving,160.19
936,63.97,49.02,68.72,56.56,100.0,46.93,Eco-Friendly,168.24
937,44.33,38.97,66.41,63.39,0.0,65.68,Improving,180.33
938,37.19,64.98,30.52,43.89,0.0,33.38,Beginner,150.32
939,41.37,60.16,41.39,66.9,0.0,33.38,Improving,155.23
940,49.8,64.19,66.9,29.22,33.33,40.76,Improving,151.06
941,51.13,55.86,49.62,27.17,66.67,46.93,Improving,160.45
942,59.56,58.61,65.74,50.3,66.67,52.99,Improving,157.2
943,42.12,41.3,45.93,45.61,33.33,46.93,Improving,177.56
944,43.2,46.7,51.62,47.93,33.33,33.38,Improving,171.42
945,50.72,51.54,62.89,41.08,33.33,65.68,Improving,165.48
946,55.48,50.3,53.03,44.02,66.67,65.68,Improving,166.88
947,45.42,49.55,61.68,36.27,33.33,40.76,Improving,167.7
948,52.5,54.35,42.13,87.68,33.33,52.99,Improving,162.44
949,56.91,34.77,63.62,70.49,66.67,65.68,Improving,186.17
950,41.61,42.9,61.48,76.26,0.0,33.38,Improving,175.37
951,46.02,37.96,46.55,20.85,66.67,59.1,Improving,182.12
952,44.4,39.11,56.93,38.32,33.33,59.1,Improving,180.26
953,38.43,32.15,78.21,59.42,0.0,28.19,Beginner,188.97
954,54.29,63.22,50.87,56.76,66.67,22.01,Improving,152.25
955,44.01,59.28,38.97,23.74,66.67,10.22,Improving,156.33
956,56.98,52.34,32.22,51.96,100.0,46.93,Improving,164.67
957,51.38,57.4,60.12,69.75,33.33,33.38,Improving,158.64
958,50.37,35.69,79.93,22.01,66.67,46.93,Improving,184.91
959,52.47,35.14,69.66,32.07,66.67,65.68,Improving,185.77
960,49.01,46.35,45.02,32.15,66.67,52.99,Improving,171.89
961,47.26,57.74,64.37,10.22,33.33,59.1,Improving,158.44
962,61.32,47.77,60.84,65.42,100.0,33.38,Eco-Friendly,169.91
963,43.87,58.65,55.62,54.07,0.0,46.93,Improving,157.19
964,57.5,43.24,44.46,63.45,100.0,40.76,Improving,175.16
965,48.22,65.74,82.96,45.97,0.0,33.38,Improving,149.38
966,53.51,52.23,46.63,42.09,66.67,59.1,Improving,164.82
967,56.73,53.11,51.2,49.13,66.67,65.68,Improving,163.82
968,36.68,54.94,25.61,47.51,0.0,52.99,Beginner,162.0
969,53.48,50.23,58.97,35.57,66.67,52.99,Improving,166.94
970,48.81,50.0,58.48,39.74,33.33,63.22,Improving,167.26
971,56.44,57.65,47.28,56.02,66.67,52.99,Improving,158.48
972,46.89,70.49,40.3,52.23,0.0,65.68,Improving,143.61
973,47.11,59.93,48.64,37.96,33.33,46.93,Improving,155.42
974,48.92,50.56,56.31,58.56,33.33,46.93,Improving,166.6
975,68.96,47.66,71.28,70.39,100.0,65.68,Eco-Friendly,170.07
976,41.1,36.72,23.91,46.43,66.67,33.38,Improving,183.33
977,36.18,46.97,0.0,37.11,33.33,65.68,Beginner,170.99
978,54.85,53.3,56.85,53.61,66.67,40.76,Improving,163.69
979,49.0,38.16,53.07,82.17,33.33,52.99,Improving,181.43
980,41.81,51.51,55.18,55.22,0.0,46.93,Improving,165.49
981,61.99,48.68,70.98,47.2,100.0,40.76,Eco-Friendly,168.99
982,58.05,56.85,41.74,75.75,66.67,52.99,Improving,159.26
983,48.41,63.39,41.03,75.59,0.0,65.68,Improving,152.09
984,49.22,54.07,24.08,58.26,66.67,40.76,Improving,162.62
985,51.45,41.26,70.58,36.72,66.67,40.76,Improving,177.57
986,49.0,41.39,49.92,25.18,66.67,63.22,Improving,177.5
987,60.27,62.68,60.98,40.58,66.67,65.68,Eco-Friendly,152.75
988,58.66,22.62,60.69,65.87,100.0,65.68,Improving,200.03
989,47.88,40.3,76.44,51.47,33.33,40.76,Improving,179.01
990,60.63,46.01,54.66,40.3,100.0,65.68,Eco-Friendly,172.16
991,50.76,38.92,47.58,74.82,66.67,33.38,Improving,180.38
992,48.4,40.02,55.7,63.85,66.67,15.64,Improving,179.23
993,36.93,59.74,32.96,49.4,0.0,33.38,Beginner,155.65
994,45.33,66.34,16.61,37.27,33.33,65.68,Improving,148.61
995,59.89,41.92,88.64,61.43,66.67,46.93,Improving,176.78
996,57.0,43.32,28.92,55.78,100.0,65.68,Improving,175.04
997,40.56,35.33,57.52,19.5,33.33,59.1,Improving,185.36
998,54.27,42.82,71.38,51.32,66.67,40.76,Improving,175.6
999,57.3,59.84,47.09,44.94,66.67,65.68,Improving,155.51
1000,47.5,49.74,45.93,52.38,33.33,59.1,Improving,167.57
