run,car,bike,bus,cycle,walk,electricity,water,recycling,plastic
1,24.63,32.67,29.62,28.74,2.62,4.88,466.02,sometimes,0
2,30.25,29.58,25.13,29.61,6.93,6.68,375.28,always,3
3,33.15,39.6,38.5,26.38,5.38,6.02,404.85,often,3
4,30.27,32.97,50.48,26.06,9.36,8.09,251.29,sometimes,0
5,26.24,28.93,55.57,21.82,4.84,3.96,473.31,sometimes,3
6,33.81,40.05,50.58,19.5,6.32,3.74,512.1,often,1
7,31.04,34.41,43.07,32.63,3.91,6.49,371.7,sometimes,4
8,34.01,35.54,42.46,22.97,5.27,10.63,258.09,sometimes,6
9,26.65,38.83,35.48,26.38,8.95,6.37,410.66,sometimes,5
10,27.77,31.35,41.37,36.04,4.13,5.6,325.06,sometimes,4
11,25.72,43.06,35.64,38.66,8.54,8.47,208.03,never,5
12,23.73,35.11,45.1,23.84,6.15,6.92,412.54,always,10
13,27.41,35.59,49.7,16.0,4.99,3.12,191.83,never,4
14,30.59,32.9,38.63,33.58,2.39,7.28,238.36,often,4
15,37.71,33.37,29.69,32.39,3.05,2.59,439.92,never,5
16,34.81,34.41,49.13,29.52,7.99,6.11,492.54,always,3
17,30.66,28.17,41.77,21.78,5.7,7.73,338.07,often,5
18,31.74,38.61,34.42,18.28,6.18,2.74,176.28,always,3
19,29.63,36.31,43.4,37.71,3.59,8.28,284.65,sometimes,5
20,34.85,32.65,37.49,26.33,4.6,6.95,222.03,always,6
21,36.29,40.56,43.09,27.36,5.78,7.17,339.91,sometimes,3
22,24.21,36.09,29.37,32.76,8.08,5.85,222.77,sometimes,3
23,34.82,37.95,49.19,24.79,3.97,4.84,163.34,never,6
24,31.1,32.33,29.79,21.5,3.64,2.99,476.5,sometimes,3
25,30.31,30.29,38.01,24.34,5.61,8.25,507.6,always,4
26,30.46,31.15,38.34,20.97,5.05,4.79,116.58,sometimes,5
27,26.91,34.45,24.8,22.85,5.53,6.75,292.08,often,6
28,27.38,31.67,48.97,26.43,3.84,7.02,417.97,sometimes,4
29,31.23,37.98,52.36,24.27,4.38,4.52,333.97,sometimes,5
30,29.55,37.25,43.77,26.87,5.05,4.72,473.44,always,2
31,21.93,29.24,52.48,18.62,3.07,2.11,331.36,always,2
32,32.61,30.79,48.25,27.95,9.17,6.32,169.83,often,5
33,34.31,35.75,47.84,32.13,4.26,2.79,245.7,sometimes,8
34,30.52,32.05,42.15,30.74,4.74,8.92,397.61,often,5
35,29.96,30.26,36.46,34.39,4.79,2.74,348.98,sometimes,8
36,30.02,38.89,23.71,22.99,2.71,6.69,334.38,sometimes,6
37,28.81,43.36,53.04,24.52,8.08,9.98,195.83,often,6
38,30.79,41.38,45.74,35.96,2.99,4.74,426.03,often,7
39,30.58,29.65,31.69,27.5,4.18,7.82,244.26,often,3
40,28.55,34.36,50.86,22.86,6.07,7.06,404.55,often,3
41,28.47,42.25,49.75,23.74,5.97,6.31,347.5,always,0
42,21.63,35.48,52.16,29.47,9.02,5.08,558.11,always,8
43,34.11,33.72,38.33,17.71,2.63,5.95,346.27,often,8
44,32.05,42.7,57.97,21.42,7.88,6.24,394.96,sometimes,6
45,29.87,33.73,47.26,21.34,2.96,6.03,472.83,sometimes,5
46,32.89,33.5,39.53,11.0,2.78,7.09,221.75,often,5
47,30.05,40.46,32.41,16.67,6.38,2.83,394.23,often,2
48,37.17,32.26,25.07,34.95,5.99,7.79,219.52,sometimes,0
49,33.66,39.98,54.3,25.14,6.86,7.09,360.65,often,4
50,28.76,31.57,29.14,24.92,2.93,7.18,280.48,often,2
51,31.98,38.52,48.83,21.19,3.63,5.49,96.32,never,5
52,23.98,37.76,49.96,38.49,6.16,6.3,279.33,never,6
53,31.54,38.88,53.32,28.69,4.43,2.75,370.92,often,3
54,32.99,35.37,46.55,34.71,5.35,7.26,140.8,sometimes,2
55,29.11,33.55,27.11,21.82,5.72,3.54,102.8,sometimes,4
56,30.76,32.38,44.64,31.49,4.05,6.31,308.96,sometimes,7
57,28.63,43.32,50.05,21.3,5.19,5.55,190.73,always,4
58,25.02,31.3,38.68,23.66,4.08,6.31,247.67,sometimes,5
59,38.66,29.06,37.82,28.05,3.59,9.22,458.41,often,3
60,34.5,27.59,49.96,20.1,8.24,4.93,234.75,always,3
61,31.94,27.76,37.65,18.66,5.37,8.18,96.18,sometimes,4
62,32.49,34.91,43.57,28.58,3.92,7.01,395.35,often,0
63,35.46,36.34,36.13,14.12,5.98,4.94,254.69,sometimes,4
64,29.27,36.83,37.7,24.71,3.49,3.56,459.69,sometimes,4
65,28.43,31.35,54.26,18.3,6.11,2.17,402.15,often,4
66,29.03,31.7,28.67,28.93,8.16,8.18,360.11,often,5
67,34.53,36.42,48.68,20.73,3.69,5.08,248.8,never,9
68,27.25,34.18,37.78,19.12,3.33,9.08,276.77,sometimes,0
69,28.05,30.42,39.32,23.7,3.14,3.29,77.44,sometimes,4
70,27.01,29.7,36.64,15.05,7.14,5.93,271.68,sometimes,2
71,29.1,36.96,39.28,20.74,7.52,5.43,208.4,sometimes,0
72,24.91,29.99,29.33,17.04,7.55,4.07,217.84,sometimes,4
73,33.57,27.74,45.14,32.97,8.54,5.72,409.91,often,5
74,27.77,41.81,33.5,14.81,3.4,9.57,177.49,often,3
75,32.38,31.88,30.57,17.02,5.53,5.71,591.21,often,4
76,30.87,32.05,53.76,33.3,6.24,9.31,255.93,sometimes,8
77,23.39,34.33,30.2,25.53,3.69,8.1,429.14,sometimes,9
78,30.2,36.65,32.68,28.54,6.37,7.11,405.38,sometimes,3
79,31.91,36.97,56.97,26.78,5.54,4.46,377.14,never,4
80,37.03,29.81,25.91,20.38,4.0,7.33,410.55,always,3
81,28.65,36.2,44.77,14.39,7.32,2.67,303.03,always,6
82,25.27,36.01,30.66,33.28,4.12,5.94,374.71,always,7
83,35.93,39.81,56.61,24.22,7.01,7.74,383.81,sometimes,8
84,26.02,38.69,33.34,22.85,7.83,6.95,401.66,often,0
85,34.6,33.6,50.37,30.71,8.69,5.15,505.82,sometimes,1
86,25.0,34.03,33.74,24.04,5.8,5.03,338.15,always,2
87,28.29,31.92,36.07,15.63,4.88,2.96,380.46,sometimes,3
88,31.89,38.43,44.84,23.32,3.95,6.59,513.98,often,7
89,27.11,32.77,48.83,30.11,3.99,2.26,169.77,often,4
90,27.63,34.92,45.67,27.75,7.62,8.54,287.72,sometimes,4
91,32.71,33.97,43.73,26.03,4.51,4.64,157.57,never,5
92,31.2,29.25,51.22,25.2,4.72,3.93,489.0,often,0
93,28.4,40.77,34.31,24.93,4.49,8.9,166.77,never,5
94,25.1,29.49,32.97,18.48,2.65,4.17,340.72,always,0
95,33.64,30.66,45.83,31.2,4.95,9.54,196.79,often,3
96,32.42,33.97,43.77,37.78,3.72,6.13,214.27,always,5
97,35.62,35.21,30.19,17.71,4.78,4.34,159.01,sometimes,0
98,27.77,32.66,24.53,26.63,7.71,4.62,440.07,often,8
99,36.6,37.86,48.59,20.6,5.46,8.53,324.36,sometimes,6
100,35.57,31.55,50.34,22.0,7.62,5.05,254.44,often,4
101,33.75,32.87,41.74,22.19,5.66,4.64,261.39,often,5
102,35.06,36.06,25.73,18.18,5.7,4.99,426.05,often,4
103,31.07,33.01,49.71,14.47,4.15,5.18,435.32,sometimes,0
104,34.07,29.72,43.35,21.34,4.73,7.3,201.91,often,3
105,28.36,35.19,32.49,22.36,5.41,7.05,110.01,sometimes,3
106,33.14,34.98,46.24,31.9,3.92,3.33,391.56,sometimes,9
107,29.12,34.12,25.85,32.88,6.87,5.85,321.69,sometimes,0
108,30.22,33.11,37.3,24.51,3.68,7.09,365.05,often,8
109,29.18,26.29,25.96,23.78,7.9,7.31,166.81,often,5
110,30.61,34.59,41.52,24.89,6.7,6.85,453.56,often,3
111,31.92,31.71,45.01,23.68,9.58,7.38,411.21,sometimes,0
112,35.31,30.98,40.35,21.55,6.23,8.44,266.78,sometimes,4
113,30.96,41.99,54.82,18.96,4.48,7.5,378.09,often,0
114,34.1,35.92,37.94,21.55,4.94,5.35,418.08,always,9
115,31.66,36.02,26.08,15.96,7.46,4.18,476.88,always,5
116,28.97,32.87,46.7,25.11,6.49,4.7,386.46,often,5
117,24.32,33.96,43.13,37.86,6.47,7.38,324.07,never,0
118,33.43,34.26,53.32,24.96,5.9,8.87,246.06,often,5
119,29.2,36.05,26.81,21.53,6.62,8.22,540.02,often,7
120,30.04,28.19,44.94,36.02,5.33,6.23,324.64,often,0
121,25.26,41.46,44.24,20.99,9.18,5.11,340.55,sometimes,3
122,27.99,37.39,35.54,27.92,6.31,5.9,404.65,often,4
123,31.02,38.15,42.11,14.06,7.77,6.81,172.63,never,3
124,24.86,36.75,44.67,20.12,6.79,3.42,310.05,often,5
125,25.61,34.56,39.08,21.82,5.44,6.19,280.04,often,7
126,29.43,37.18,26.52,23.18,3.85,4.88,234.81,often,4
127,32.04,36.78,33.45,17.48,3.92,5.08,162.01,sometimes,7
128,32.53,42.93,39.89,13.07,7.07,7.67,253.77,often,3
129,33.69,35.89,23.76,18.76,4.22,2.7,130.75,often,4
130,35.9,37.97,44.98,12.68,4.25,4.84,311.73,sometimes,0
131,35.91,34.9,50.46,28.0,9.61,6.27,404.96,often,3
132,31.12,43.17,31.83,21.57,7.47,8.68,353.12,often,0
133,28.41,35.61,55.65,36.37,3.95,7.04,160.26,often,5
134,30.84,37.63,36.37,29.73,5.11,7.62,286.39,sometimes,7
135,25.68,33.68,40.12,28.76,2.9,6.78,378.33,often,10
136,30.88,38.02,37.07,19.68,2.65,4.68,341.26,sometimes,3
137,30.36,30.45,48.36,18.52,4.35,10.46,534.45,often,1
138,37.92,34.78,41.31,39.74,3.37,6.25,354.17,sometimes,6
139,28.03,34.18,37.79,30.84,4.8,2.53,340.71,sometimes,4
140,32.37,35.43,33.62,26.82,6.47,4.22,181.58,sometimes,4
141,21.34,36.3,37.84,32.04,7.43,6.92,361.28,often,3
142,39.27,30.37,43.24,25.73,8.71,3.81,281.48,sometimes,0
143,28.29,38.19,32.12,24.93,6.36,7.1,247.22,often,9
144,34.71,37.62,51.0,12.87,5.06,5.25,268.97,never,5
145,28.43,30.96,32.62,20.83,3.92,7.62,148.07,sometimes,1
146,28.5,28.17,38.76,14.99,5.07,5.98,290.35,often,3
147,38.94,30.89,52.23,31.53,3.23,6.46,340.73,always,3
148,30.0,29.7,39.65,30.34,7.08,8.6,370.17,often,3
149,27.04,37.96,44.15,23.54,5.22,4.35,221.5,often,8
150,32.23,33.27,46.26,18.18,5.42,4.54,339.84,often,2
151,29.57,30.93,47.35,23.1,8.32,4.23,198.09,never,3
152,28.26,30.36,24.77,26.96,5.86,10.27,84.33,often,6
153,28.75,38.21,24.32,23.89,7.09,5.13,198.62,often,5
154,34.75,36.99,49.56,15.13,6.41,4.63,117.41,always,2
155,22.01,38.53,27.87,20.25,3.52,7.07,383.14,sometimes,4
156,25.59,39.62,49.16,28.93,4.76,5.26,210.34,never,3
157,36.89,39.2,38.38,31.93,6.79,7.42,398.63,sometimes,3
158,34.57,26.01,38.18,20.39,5.21,6.86,273.41,sometimes,1
159,24.94,43.8,50.6,27.69,4.8,3.33,143.36,sometimes,6
160,36.69,34.76,44.51,22.0,7.29,2.86,114.88,sometimes,6
161,30.94,34.92,27.95,22.94,6.07,6.41,445.47,sometimes,0
162,29.15,35.22,28.68,16.75,5.05,4.68,423.12,sometimes,8
163,29.41,36.5,40.99,37.08,7.34,7.06,265.29,often,0
164,22.29,43.19,37.52,25.12,3.31,5.56,384.42,sometimes,8
165,29.62,30.82,45.21,22.23,5.49,7.79,356.57,often,3
166,37.11,33.21,43.14,14.77,6.34,5.52,114.06,often,0
167,20.91,40.41,48.52,28.61,4.87,4.44,264.74,often,4
168,32.41,33.35,49.38,19.72,8.42,7.83,330.71,sometimes,3
169,30.79,36.41,39.91,24.27,3.55,5.01,212.02,always,5
170,30.02,38.22,22.67,23.17,4.62,8.14,386.48,sometimes,4
171,28.44,39.23,29.36,13.51,2.55,4.97,387.62,sometimes,4
172,24.68,34.46,21.24,21.93,5.84,1.9,408.27,often,7
173,32.9,33.61,36.86,21.1,3.81,7.61,291.8,often,2
174,31.09,29.14,42.85,32.37,4.75,7.74,284.33,always,4
175,29.88,35.91,23.97,19.9,4.91,6.24,306.78,often,8
176,24.66,40.38,32.28,27.31,6.33,8.15,320.17,always,3
177,30.84,36.27,34.92,17.75,3.19,7.42,168.34,never,4
178,34.14,34.36,38.26,24.52,5.05,8.48,317.1,often,1
179,30.59,38.07,31.41,21.67,8.84,10.77,272.92,sometimes,4
180,24.11,40.49,26.43,33.59,8.0,7.48,292.41,sometimes,6
181,33.62,35.17,33.04,24.38,5.72,8.9,250.1,sometimes,5
182,22.13,28.63,40.91,25.81,6.1,6.7,95.27,sometimes,0
183,28.86,38.58,23.67,17.6,4.59,2.02,439.83,often,2
184,30.08,41.2,25.5,39.16,3.28,5.55,325.15,sometimes,5
185,35.19,42.84,42.57,22.48,6.61,8.18,527.29,always,1
186,29.98,31.27,34.5,20.13,5.14,10.0,216.06,sometimes,0
187,32.3,26.72,58.99,34.75,5.15,6.14,255.18,often,4
188,29.54,39.26,29.94,13.78,8.78,5.11,488.63,often,6
189,35.81,33.95,38.35,17.38,6.07,3.18,222.81,often,3
190,33.06,33.71,31.78,20.17,4.15,5.99,349.96,always,0
191,24.38,42.41,29.51,23.57,4.76,9.09,272.48,always,6
192,25.89,34.28,44.32,16.7,4.1,7.68,252.38,always,4
193,29.53,39.0,40.04,19.79,7.69,5.83,253.57,often,2
194,22.91,33.89,38.69,22.56,7.02,8.03,306.06,always,9
195,29.89,33.38,46.16,23.01,3.86,6.68,331.7,sometimes,6
196,24.68,35.75,37.39,18.29,6.13,6.53,173.64,sometimes,6
197,29.01,37.77,26.75,25.81,8.9,4.83,152.95,sometimes,7
198,29.38,35.87,33.87,32.5,7.29,4.83,353.9,never,2
199,37.13,28.17,33.25,28.89,4.96,6.55,442.78,sometimes,0
200,30.95,26.55,26.27,24.35,5.48,4.33,196.93,never,3
201,30.38,30.58,56.83,33.04,5.45,9.56,335.04,always,7
202,31.34,32.25,34.74,12.37,4.41,6.24,288.89,sometimes,7
203,26.52,32.0,35.91,16.64,3.51,2.56,364.29,never,1
204,32.86,28.6,48.88,25.69,5.53,5.84,271.98,often,6
205,34.52,32.69,30.36,22.73,6.02,2.98,370.79,never,0
206,31.79,37.49,33.61,26.75,3.88,7.81,513.88,always,0
207,27.81,39.45,34.56,11.57,6.71,5.33,196.1,never,0
208,31.09,31.25,30.53,27.78,3.86,6.57,181.4,often,7
209,25.93,35.9,30.13,28.49,5.26,8.32,397.57,always,0
210,28.56,32.78,37.53,32.06,4.94,9.18,134.23,often,6
211,34.45,31.59,47.08,23.02,5.11,4.99,256.81,often,4
212,27.52,33.71,33.54,23.87,6.57,6.56,84.49,sometimes,4
213,24.46,36.42,36.82,18.2,3.71,4.18,307.98,often,5
214,28.69,26.47,41.15,16.29,6.29,7.01,487.59,never,5
215,31.08,36.33,40.97,25.35,4.42,5.11,223.31,sometimes,5
216,29.77,31.01,37.43,23.83,5.59,8.4,106.59,sometimes,8
217,35.08,32.41,39.97,34.96,5.69,8.26,172.61,sometimes,6
218,24.43,35.53,47.21,21.88,4.71,7.16,200.83,always,0
219,34.14,26.42,42.22,30.97,6.1,5.2,161.61,never,6
220,23.98,36.29,39.82,25.27,8.67,6.26,527.08,often,4
221,32.96,33.7,38.89,27.5,5.06,9.48,196.18,sometimes,6
222,31.1,33.42,55.75,11.89,7.01,5.7,431.4,never,8
223,31.28,35.3,34.11,20.97,3.88,3.41,361.07,often,5
224,21.82,31.69,51.5,29.09,8.48,5.0,218.99,often,2
225,33.49,33.06,39.84,21.44,5.42,6.46,391.64,sometimes,8
226,25.89,36.5,34.79,18.13,9.58,6.32,217.38,sometimes,0
227,32.34,36.79,51.16,36.57,6.09,7.25,480.88,often,2
228,28.19,29.96,56.93,25.31,2.6,5.56,341.14,sometimes,0
229,24.78,36.99,27.91,22.34,4.79,8.63,319.49,sometimes,5
230,33.95,39.93,42.73,22.81,5.38,8.67,227.63,sometimes,1
231,22.88,35.66,46.16,11.91,6.94,6.48,391.82,sometimes,0
232,25.54,28.95,32.76,17.42,2.89,7.04,385.09,often,3
233,29.34,32.2,38.89,28.24,3.38,5.15,206.94,sometimes,6
234,28.47,34.37,43.99,20.73,4.46,9.8,285.34,sometimes,3
235,32.48,37.08,45.57,18.58,5.36,8.19,354.61,sometimes,4
236,24.76,39.5,38.8,19.85,6.81,4.32,389.42,sometimes,6
237,35.37,33.14,27.21,19.66,6.33,7.26,264.16,often,11
238,27.79,32.75,43.03,28.47,6.83,8.84,242.5,often,2
239,30.76,39.6,46.74,23.19,5.52,6.08,264.35,often,5
240,26.46,37.64,53.12,25.4,6.89,6.02,133.96,often,6
241,33.82,30.59,52.12,27.41,5.38,8.6,174.53,often,0
242,28.16,33.68,34.7,24.99,7.4,4.67,427.13,sometimes,4
243,39.14,31.54,40.19,23.92,6.49,5.45,289.85,often,6
244,37.78,41.48,44.41,20.96,3.62,8.09,267.75,often,3
245,34.23,38.14,36.3,31.51,5.17,7.15,289.85,never,3
246,28.53,36.62,26.68,28.41,3.96,5.76,514.83,always,4
247,27.28,36.87,54.77,22.75,5.39,4.03,305.03,sometimes,1
248,25.15,42.01,37.28,16.4,4.45,7.64,467.71,sometimes,3
249,33.14,35.7,22.96,16.89,4.55,4.44,388.34,sometimes,4
250,28.01,40.36,38.66,14.47,6.55,7.67,386.56,often,6
251,25.61,32.94,56.01,21.79,7.54,3.92,228.69,often,3
252,24.76,36.08,42.04,22.79,8.73,4.6,179.4,often,4
253,24.09,33.79,35.09,29.48,2.53,5.36,128.68,often,6
254,36.52,36.35,57.05,29.45,7.71,5.96,173.28,always,5
255,30.38,40.12,53.56,20.0,5.17,3.95,310.03,often,0
256,38.22,36.11,37.11,18.59,7.1,7.19,475.39,sometimes,4
257,25.99,33.73,48.86,20.08,5.83,5.71,239.13,sometimes,0
258,33.36,39.99,42.64,27.06,2.4,4.8,250.47,often,4
259,33.11,37.97,40.03,24.66,7.69,5.44,435.3,often,6
260,38.56,32.56,43.22,38.02,3.33,9.33,222.96,sometimes,5
261,30.49,37.7,42.64,23.88,4.18,4.8,227.87,often,5
262,28.69,39.34,38.9,25.74,4.95,4.24,396.39,always,5
263,29.79,33.03,40.91,18.12,3.67,8.37,381.13,always,3
264,31.47,33.38,41.68,25.82,6.62,4.77,91.66,sometimes,10
265,28.87,35.05,46.87,22.44,6.15,9.09,522.38,never,7
266,24.97,41.15,28.79,11.45,7.53,5.48,401.76,sometimes,7
267,34.38,35.54,42.12,17.3,6.29,7.55,506.69,sometimes,7
268,29.26,35.62,27.64,28.38,4.86,8.77,191.51,never,6
269,32.78,41.7,44.45,27.92,6.06,6.74,130.09,sometimes,6
270,28.85,33.37,43.68,13.87,5.23,5.88,122.42,sometimes,8
271,21.43,43.91,36.99,17.17,6.81,7.57,447.53,often,6
272,33.81,41.59,28.74,12.57,4.24,6.86,527.65,sometimes,7
273,31.56,38.61,41.99,15.24,3.82,6.63,202.97,sometimes,6
274,25.48,35.88,54.65,23.46,6.23,7.44,333.59,often,7
275,36.14,38.13,39.35,12.42,2.39,6.73,196.47,sometimes,13
276,24.2,37.01,49.22,25.77,6.25,6.66,169.27,sometimes,4
277,30.75,40.6,41.68,30.0,5.97,4.19,379.49,never,5
278,37.22,34.94,53.87,32.81,5.93,6.25,198.65,often,2
279,32.31,39.4,39.39,24.05,4.79,4.74,474.05,always,6
280,33.89,26.57,46.33,23.8,5.45,3.82,258.58,often,0
281,27.19,31.15,33.63,38.85,3.15,7.66,140.09,never,5
282,25.46,36.33,36.84,22.29,2.84,3.5,229.48,often,4
283,28.62,38.78,38.99,35.16,6.72,7.18,172.04,sometimes,5
284,29.82,32.9,31.09,21.91,3.9,2.47,501.11,often,5
285,24.71,27.35,40.21,23.11,6.59,9.21,461.33,sometimes,4
286,33.7,29.94,21.61,28.47,8.37,6.76,412.23,sometimes,5
287,35.24,30.22,47.02,18.17,5.32,4.16,487.92,often,0
288,24.08,32.83,34.51,30.92,4.52,4.89,486.52,sometimes,3
289,31.49,36.28,40.4,16.15,5.08,8.52,283.56,sometimes,5
290,37.02,36.28,35.42,20.27,3.89,7.38,222.2,often,3
291,29.18,33.9,31.51,32.37,7.67,7.73,244.47,never,3
292,26.0,30.64,48.85,19.25,2.83,7.0,215.24,often,4
293,30.66,35.84,45.62,28.27,8.07,5.44,217.5,sometimes,6
294,31.88,36.9,50.14,19.05,5.56,2.69,310.17,sometimes,3
295,38.93,30.04,40.4,12.41,4.41,6.0,209.35,often,5
296,34.13,27.29,47.17,31.1,4.23,6.04,218.4,often,5
297,35.01,26.88,30.44,17.11,5.83,9.57,486.94,often,0
298,27.65,32.62,33.6,20.41,7.33,5.6,386.2,often,6
299,29.63,27.08,25.04,18.02,5.16,4.05,259.1,never,0
300,30.46,27.09,23.56,21.05,4.18,5.73,455.92,sometimes,3
301,31.77,37.97,53.06,25.17,4.89,9.02,400.14,sometimes,4
302,31.52,34.7,46.45,13.02,7.51,6.15,488.91,never,0
303,25.86,34.99,27.86,24.58,3.57,8.5,153.62,always,0
304,24.7,30.39,25.6,24.42,7.92,7.07,373.12,often,2
305,29.27,33.13,45.2,30.27,5.41,6.14,301.61,sometimes,4
306,28.0,38.32,23.88,36.78,7.08,5.29,515.28,often,0
307,38.63,36.36,41.14,31.94,5.56,2.47,334.01,sometimes,5
308,21.93,29.79,46.31,20.65,6.21,7.86,296.16,never,7
309,28.97,39.22,41.12,21.92,6.83,3.8,303.81,sometimes,5
310,24.54,29.15,42.94,15.07,6.09,4.09,239.56,sometimes,8
311,32.98,36.67,54.08,19.76,3.58,4.85,118.91,sometimes,5
312,35.67,40.15,46.61,13.94,5.06,5.18,126.44,sometimes,0
313,37.19,29.22,41.49,13.13,5.3,5.03,220.25,sometimes,6
314,24.98,30.93,53.14,19.63,4.85,5.85,505.08,always,5
315,32.03,33.39,46.65,17.87,5.07,4.67,165.08,often,5
316,28.63,33.07,35.85,13.65,6.54,6.1,178.27,often,6
317,35.86,32.28,40.31,23.3,6.76,3.78,106.26,often,5
318,32.58,37.29,40.44,24.88,5.29,8.05,328.59,often,2
319,31.4,34.56,44.74,14.74,7.99,4.88,263.27,often,0
320,23.25,27.78,32.4,35.15,4.38,6.34,100.28,sometimes,3
321,31.84,30.2,46.12,29.41,7.92,2.88,340.48,sometimes,3
322,31.62,39.44,58.05,30.29,3.0,4.9,242.56,sometimes,3
323,26.04,32.76,46.36,22.09,3.41,4.85,322.32,sometimes,6
324,36.4,34.3,43.84,17.14,5.37,7.14,329.28,often,3
325,30.44,38.99,37.9,27.05,5.58,6.54,246.45,sometimes,4
326,32.78,36.46,51.89,23.37,7.13,5.77,266.6,always,7
327,26.6,35.44,46.55,27.61,5.38,8.62,403.68,sometimes,7
328,29.12,31.15,32.11,15.74,4.56,4.96,430.63,always,1
329,27.71,36.75,37.51,23.68,7.49,4.26,344.67,often,6
330,32.83,39.84,56.54,19.77,4.39,10.25,260.41,never,4
331,24.27,36.59,33.67,27.47,8.76,6.81,555.43,sometimes,0
332,28.41,28.28,28.99,36.65,5.38,4.72,527.51,sometimes,6
333,28.26,38.53,54.11,32.7,7.55,6.02,181.94,often,0
334,30.75,32.32,38.68,22.92,3.18,2.74,561.77,often,4
335,32.88,43.49,52.39,25.97,8.59,4.37,476.61,often,7
336,27.33,38.62,39.56,25.53,7.37,5.4,221.94,often,8
337,31.68,33.76,42.51,36.68,5.6,7.43,156.99,often,4
338,22.9,40.03,29.98,34.3,6.45,8.6,188.03,sometimes,3
339,27.25,40.76,46.24,15.64,4.91,6.24,128.07,often,3
340,27.84,34.94,30.18,31.58,4.79,3.61,251.01,sometimes,2
341,29.59,33.17,42.1,34.05,5.6,5.63,361.31,always,2
342,28.1,31.02,37.34,25.02,5.48,9.93,282.74,sometimes,6
343,29.83,38.61,34.26,21.13,3.78,4.45,126.47,never,8
344,23.5,28.92,35.47,17.75,8.58,5.89,279.23,always,5
345,33.79,39.43,44.33,19.59,4.94,4.58,518.17,always,10
346,23.88,34.42,51.12,30.77,4.74,5.89,202.19,often,0
347,38.36,34.17,39.29,23.82,4.55,3.94,333.11,often,5
348,35.09,32.56,54.5,31.5,5.41,5.35,202.05,often,5
349,26.59,39.9,45.74,24.34,5.06,6.06,497.1,sometimes,6
350,34.99,39.5,45.21,18.63,2.83,8.6,110.88,always,0
351,30.0,39.92,32.87,19.49,3.8,6.65,413.36,sometimes,5
352,26.62,31.14,30.18,24.44,3.24,4.15,288.19,often,9
353,33.46,29.23,50.33,25.29,7.11,6.22,228.53,often,9
354,30.98,35.73,38.71,17.42,5.07,6.19,174.71,often,7
355,30.96,33.54,37.75,16.32,7.06,8.48,519.88,always,2
356,33.31,42.08,46.57,33.68,4.45,6.14,147.26,often,4
357,34.35,36.59,33.45,19.31,6.73,4.73,385.3,sometimes,4
358,26.91,42.31,32.34,32.79,3.23,7.21,441.21,always,2
359,28.49,32.75,38.7,23.98,5.86,6.82,304.08,sometimes,0
360,25.42,30.34,36.44,21.56,3.26,2.76,241.34,never,8
361,35.63,34.32,41.53,25.63,6.19,7.07,150.85,sometimes,5
362,30.73,32.65,44.02,27.77,5.37,4.38,491.22,often,3
363,29.98,33.13,33.77,18.39,5.09,8.5,237.15,often,7
364,30.17,34.02,29.87,33.28,2.85,4.99,443.33,sometimes,0
365,29.1,34.73,43.47,24.01,3.59,7.49,322.87,often,6
366,32.23,35.64,37.33,19.92,5.37,8.65,448.68,never,0
367,29.69,29.52,34.57,27.75,4.57,7.46,509.96,sometimes,5
368,21.39,30.89,33.02,22.65,4.86,4.99,202.88,sometimes,2
369,33.74,35.49,36.36,20.74,6.59,5.71,341.37,always,1
370,36.72,30.79,36.97,19.5,4.67,2.61,198.66,sometimes,4
371,35.66,33.91,41.3,19.8,5.14,8.32,178.53,sometimes,0
372,21.49,31.35,33.68,24.01,3.97,7.03,163.58,always,7
373,29.06,31.57,37.62,14.54,7.5,7.14,267.57,sometimes,8
374,34.55,37.86,40.09,21.48,6.39,6.99,285.55,sometimes,5
375,31.09,35.01,43.91,31.74,6.44,6.84,288.55,often,0
376,28.62,34.64,45.73,22.69,2.69,6.93,263.96,often,6
377,27.38,35.55,35.02,15.09,5.44,8.77,461.13,often,4
378,36.16,34.33,26.83,22.38,6.41,4.17,230.06,often,6
379,30.19,36.01,31.12,19.25,4.46,8.1,135.07,sometimes,2
380,32.58,32.31,30.3,20.96,4.88,2.62,328.89,sometimes,3
381,36.13,36.41,36.03,17.36,5.21,4.68,225.08,always,6
382,25.05,29.35,31.38,23.02,4.58,10.08,278.05,always,0
383,24.93,37.56,46.05,23.12,3.62,3.6,247.82,always,4
384,35.17,34.64,38.15,19.17,6.77,4.3,497.99,sometimes,4
385,36.52,30.59,43.23,21.55,6.37,6.33,354.74,always,5
386,31.9,35.42,27.59,24.36,3.53,7.21,425.32,often,7
387,34.88,37.16,35.94,25.75,5.32,8.06,177.13,often,4
388,36.19,40.61,39.22,20.22,6.13,7.41,170.99,sometimes,2
389,31.76,28.75,39.29,20.3,3.24,7.74,299.73,often,7
390,30.21,34.77,32.01,21.22,8.58,4.51,494.58,sometimes,6
391,28.92,34.44,44.11,25.73,5.77,7.86,437.19,sometimes,1
392,28.16,30.3,22.82,23.36,7.76,4.83,418.85,often,6
393,29.05,38.42,30.53,21.6,9.42,7.61,253.55,sometimes,6
394,24.33,32.69,49.5,24.49,7.59,6.24,281.82,often,7
395,26.72,36.12,41.19,14.03,3.04,8.47,207.1,sometimes,8
396,29.89,34.14,42.82,30.8,7.31,7.72,235.98,sometimes,5
397,33.1,37.84,55.35,13.52,9.72,4.22,474.08,often,3
398,32.53,43.43,59.18,25.45,7.96,1.93,269.64,sometimes,2
399,26.72,33.32,31.97,19.85,5.46,3.4,164.47,often,2
400,32.02,41.46,42.52,26.53,5.19,7.4,220.75,always,9
401,25.7,30.9,43.85,18.39,5.31,5.02,400.05,never,4
402,26.53,33.13,28.3,18.58,8.78,6.89,129.66,sometimes,7
403,26.9,39.31,52.94,25.01,4.62,5.48,179.6,sometimes,6
404,27.67,38.36,30.08,22.18,5.01,8.21,271.55,always,6
405,20.52,39.56,40.01,19.58,4.62,1.74,197.57,never,5
406,24.61,37.89,48.15,26.19,4.43,6.13,237.9,often,4
407,25.78,37.72,53.67,18.39,7.86,8.51,155.63,often,1
408,33.93,33.94,37.52,27.17,7.01,3.13,397.98,sometimes,4
409,26.59,27.32,30.18,20.42,5.62,10.47,206.95,never,8
410,23.35,32.94,47.58,25.97,5.56,4.48,137.49,always,0
411,29.13,35.45,48.96,18.16,3.73,3.71,233.09,always,3
412,28.96,31.12,44.94,32.04,7.93,5.95,322.82,never,5
413,28.23,40.14,35.1,28.22,5.62,7.7,458.58,always,5
414,28.22,34.49,48.27,21.88,2.9,1.31,427.82,sometimes,2
415,20.41,42.3,50.14,19.83,4.42,6.45,391.37,always,2
416,32.32,29.42,26.94,19.61,5.53,7.97,243.45,often,3
417,29.96,37.94,31.04,13.88,4.7,8.37,511.99,always,8
418,27.36,39.04,33.36,29.83,5.82,7.01,398.98,never,3
419,27.2,33.08,48.89,19.9,5.8,6.9,181.09,always,6
420,36.79,38.97,25.93,24.05,3.4,7.51,176.67,always,0
421,30.77,32.73,51.12,31.28,6.72,9.03,375.08,often,3
422,28.08,31.85,52.99,30.52,5.07,3.08,436.04,always,6
423,24.36,39.59,26.08,32.58,3.8,7.54,316.98,often,5
424,36.19,37.25,49.03,27.38,4.05,3.99,173.85,sometimes,0
425,35.4,31.36,42.95,29.32,6.65,6.03,119.39,often,7
426,28.74,32.22,26.69,26.64,3.78,8.07,293.42,often,2
427,31.52,37.71,28.78,31.98,6.42,8.13,254.42,always,1
428,36.43,33.84,43.84,37.66,4.83,5.56,291.6,always,5
429,32.3,37.01,41.67,17.95,5.05,1.67,307.08,always,3
430,29.71,40.18,26.62,24.68,7.63,8.52,439.33,often,9
431,24.94,33.57,45.01,24.34,4.94,6.24,383.74,always,9
432,26.93,43.77,48.76,28.12,5.54,7.14,410.79,sometimes,5
433,24.24,26.85,36.87,11.2,4.39,6.78,372.49,always,5
434,25.03,38.62,32.81,22.67,6.88,6.55,255.4,always,4
435,31.42,35.1,37.9,35.04,5.27,7.08,327.19,never,2
436,37.19,31.41,41.24,18.35,6.68,2.1,225.58,never,4
437,27.62,37.61,41.86,15.59,7.14,2.16,387.7,sometimes,4
438,27.26,35.76,37.75,17.5,7.3,6.39,253.99,never,5
439,27.87,31.65,32.03,20.41,6.04,7.9,279.54,sometimes,0
440,32.51,26.92,39.16,25.41,3.89,7.35,240.2,sometimes,6
441,29.42,29.97,28.67,30.33,6.76,7.63,174.07,often,3
442,27.53,28.21,40.01,29.02,3.99,6.56,203.97,often,5
443,36.44,33.53,44.33,38.6,4.99,3.4,493.65,often,7
444,26.61,41.24,47.54,33.52,4.06,2.67,157.72,sometimes,7
445,30.41,43.17,34.25,31.54,5.79,3.78,234.43,never,5
446,32.48,44.1,34.88,11.63,3.58,6.41,407.24,often,0
447,30.0,32.27,46.13,31.71,4.26,2.86,202.41,never,0
448,33.55,31.67,45.0,25.44,6.2,9.65,258.81,sometimes,1
449,22.01,34.89,50.47,23.4,6.6,5.38,220.23,sometimes,3
450,30.77,37.61,52.37,22.64,4.7,7.58,453.98,sometimes,6
451,39.09,28.93,41.45,22.36,5.36,9.74,319.25,often,4
452,25.07,31.88,54.74,28.6,5.09,4.82,455.59,always,4
453,31.13,34.13,51.46,25.1,3.71,7.56,349.5,sometimes,5
454,25.05,38.1,40.21,28.44,3.02,5.94,408.91,never,5
455,37.2,34.3,40.25,14.32,7.65,8.01,474.77,often,0
456,36.02,34.08,34.68,30.27,6.62,2.1,309.8,sometimes,3
457,29.54,34.79,45.09,33.87,5.07,5.48,112.71,often,3
458,33.88,35.09,45.31,36.83,8.57,7.21,332.71,often,4
459,21.88,31.04,49.75,12.84,4.48,7.59,200.98,sometimes,4
460,27.86,39.31,34.2,13.09,4.28,7.65,347.48,sometimes,2
461,29.8,33.14,36.15,23.87,3.6,7.9,155.58,sometimes,3
462,35.47,33.52,45.65,18.89,5.14,8.51,264.31,sometimes,4
463,27.63,33.3,52.25,23.1,5.6,5.23,253.1,always,6
464,32.13,32.84,43.77,18.64,6.92,8.26,557.42,sometimes,3
465,28.86,29.96,38.38,23.6,6.69,8.63,198.9,sometimes,5
466,25.03,34.48,40.69,22.93,5.05,7.66,171.57,never,3
467,27.17,37.84,41.89,15.39,6.24,7.72,243.77,often,7
468,25.86,29.36,33.46,28.37,8.16,3.87,274.29,often,2
469,25.78,40.02,33.67,16.09,4.42,6.86,392.07,never,9
470,31.85,33.73,38.67,20.3,5.7,4.6,368.59,never,3
471,26.55,37.0,37.81,32.72,5.03,7.72,334.48,always,6
472,32.44,40.71,25.8,25.21,3.77,6.03,229.69,often,5
473,21.52,33.62,45.58,16.96,4.65,3.64,365.93,sometimes,7
474,27.93,41.63,42.38,15.39,5.79,4.72,239.06,never,4
475,24.48,35.44,46.38,18.5,7.11,7.78,298.75,always,4
476,28.42,39.69,38.65,22.58,5.91,5.44,109.89,never,6
477,29.89,33.11,37.78,32.92,4.32,1.73,538.81,sometimes,6
478,29.2,35.82,37.02,14.53,3.9,7.96,437.86,sometimes,6
479,25.73,30.64,53.27,26.91,4.71,8.9,378.35,sometimes,8
480,32.33,35.09,37.74,20.59,5.66,4.92,237.38,always,3
481,26.95,30.6,51.0,18.64,6.9,6.88,203.91,often,3
482,39.34,36.6,46.63,32.38,5.0,5.52,226.64,often,5
483,27.7,44.63,54.94,31.97,7.88,6.43,245.21,often,8
484,37.99,37.6,33.43,29.01,6.34,4.78,566.3,often,0
485,34.23,34.21,44.23,18.39,4.96,3.63,135.17,sometimes,11
486,33.5,39.33,33.25,21.35,4.51,6.0,173.81,sometimes,8
487,31.57,31.31,42.33,30.16,7.37,3.37,349.74,sometimes,0
488,25.14,34.55,27.99,19.42,6.27,10.55,221.77,always,6
489,26.48,32.28,55.04,23.55,2.33,5.65,228.53,sometimes,6
490,31.29,28.72,46.59,14.1,7.11,4.19,271.12,sometimes,2
491,20.62,36.36,44.58,25.17,6.91,7.7,295.01,sometimes,3
492,35.54,29.53,50.88,31.92,3.05,5.15,169.1,often,3
493,35.28,38.54,42.85,31.52,4.53,7.84,101.94,often,4
494,20.71,38.45,31.38,26.29,4.39,9.91,225.63,often,6
495,33.25,35.3,42.22,27.61,4.85,5.78,158.15,often,1
496,33.26,26.54,39.4,19.64,7.04,4.52,271.18,sometimes,3
497,32.47,34.14,35.4,31.83,9.3,5.56,384.13,sometimes,0
498,29.82,34.4,35.38,13.18,3.86,6.76,354.26,sometimes,3
499,27.33,37.92,39.32,25.6,4.82,1.94,394.83,sometimes,2
500,36.49,41.42,40.69,30.58,2.64,6.29,470.34,often,4
501,28.53,32.45,37.11,22.02,8.07,6.42,234.62,often,7
502,25.31,35.85,38.84,33.94,3.55,4.91,358.45,often,8
503,31.22,34.07,45.71,27.34,4.18,4.91,471.61,often,4
504,31.07,32.62,31.74,30.37,7.18,6.15,402.31,often,6
505,30.41,35.62,38.83,19.82,5.4,2.06,284.06,sometimes,5
506,22.14,35.27,51.18,26.18,4.62,4.9,216.2,sometimes,7
507,29.0,35.42,34.7,25.53,6.66,8.04,141.43,sometimes,3
508,22.47,29.61,44.55,28.0,8.75,5.46,296.05,sometimes,4
509,28.72,36.23,32.13,21.35,4.79,3.74,420.07,often,6
510,33.36,34.47,24.18,22.26,7.11,7.24,362.93,always,0
511,28.15,29.13,50.52,23.42,4.13,6.99,142.28,always,2
512,26.59,37.43,37.08,13.04,2.47,9.95,147.74,never,2
513,29.87,37.21,55.44,16.16,4.07,6.06,328.4,sometimes,1
514,32.82,30.35,39.47,20.32,3.96,6.43,428.04,sometimes,8
515,25.46,32.52,56.31,24.91,4.13,4.82,132.73,often,0
516,30.42,30.51,38.13,38.79,3.9,5.96,317.57,sometimes,6
517,24.91,40.06,23.2,23.03,4.73,5.31,314.64,always,4
518,27.91,35.61,34.11,33.16,6.6,6.19,204.56,sometimes,0
519,37.97,31.9,32.5,23.32,5.93,9.08,274.11,always,4
520,32.9,36.83,38.72,30.24,2.96,6.73,159.9,sometimes,6
521,26.5,29.82,47.93,22.66,5.48,9.81,165.17,sometimes,5
522,22.66,32.82,47.87,29.2,7.94,3.29,183.21,sometimes,4
523,26.57,30.49,23.11,24.45,4.24,7.56,510.53,sometimes,5
524,34.64,40.2,26.57,21.93,9.97,7.32,225.83,sometimes,3
525,21.86,30.57,44.11,31.54,4.41,5.08,199.3,sometimes,6
526,20.69,40.89,36.44,33.52,8.15,2.81,312.33,always,6
527,30.91,40.37,49.92,16.08,7.35,10.58,188.69,always,1
528,26.32,28.76,37.12,19.53,3.11,4.27,285.14,often,7
529,37.83,40.26,38.15,17.6,4.57,10.58,129.66,always,4
530,28.82,31.76,31.13,26.45,4.16,7.76,396.7,often,2
531,28.14,39.96,38.06,32.27,8.57,8.67,498.18,often,3
532,34.25,43.22,45.5,32.04,7.22,5.74,428.09,never,0
533,29.57,33.43,43.62,31.4,8.27,8.45,299.31,often,7
534,26.16,35.36,38.74,29.11,5.44,4.77,492.03,always,0
535,27.14,27.64,35.46,21.12,3.39,3.62,144.14,sometimes,3
536,33.72,35.73,52.94,26.94,2.86,6.95,241.66,often,4
537,29.15,27.97,31.3,24.33,4.77,7.67,165.71,never,2
538,27.6,39.96,31.7,28.38,5.39,5.77,344.36,always,0
539,32.16,36.59,39.03,31.36,5.27,7.33,339.95,often,3
540,36.96,40.36,27.39,23.68,4.73,2.54,254.31,often,2
541,26.65,37.92,45.97,20.03,5.72,6.06,157.57,always,7
542,30.22,36.89,27.29,23.51,9.69,5.3,258.17,sometimes,0
543,36.43,28.25,52.31,21.56,6.52,5.85,420.21,sometimes,8
544,31.08,34.01,43.36,18.16,4.63,8.99,234.81,sometimes,6
545,22.64,33.09,30.79,25.68,3.01,2.9,535.54,sometimes,0
546,25.79,29.52,36.74,22.72,6.13,8.97,521.83,often,1
547,30.86,42.02,51.6,33.8,7.68,8.15,334.7,often,2
548,26.69,30.85,25.26,11.05,5.35,5.43,342.01,sometimes,2
549,25.33,29.08,41.71,20.97,5.71,9.7,354.71,never,9
550,26.04,30.75,36.39,22.32,8.72,5.24,171.9,sometimes,5
551,37.11,34.57,50.49,39.33,5.73,8.67,347.88,never,3
552,28.98,34.45,26.65,16.94,3.75,6.7,108.61,often,1
553,29.48,30.07,37.99,30.58,2.75,5.11,471.7,sometimes,2
554,31.89,34.51,37.97,27.66,7.75,7.57,161.01,sometimes,3
555,34.2,34.83,46.64,19.87,4.35,9.82,301.01,never,4
556,30.34,40.99,45.03,26.34,6.14,6.06,290.94,sometimes,3
557,35.68,31.93,36.55,21.75,4.82,2.04,208.81,often,2
558,22.5,32.6,38.7,27.66,3.09,4.46,140.0,sometimes,5
559,35.57,39.17,26.77,17.27,8.19,4.71,221.77,never,3
560,36.02,37.76,47.08,23.67,3.06,5.84,237.15,sometimes,3
561,30.24,34.75,57.17,29.64,3.13,5.38,141.92,sometimes,0
562,32.88,35.59,46.27,24.07,9.59,7.05,463.47,sometimes,6
563,26.48,29.52,22.07,20.73,8.36,4.51,207.27,often,6
564,24.74,40.87,45.25,25.73,3.97,5.51,426.22,sometimes,2
565,28.1,34.3,37.66,17.43,8.25,9.24,154.35,never,6
566,25.98,31.44,44.62,23.16,6.22,4.63,237.4,never,6
567,32.22,31.78,32.94,14.49,4.68,7.67,271.63,often,4
568,30.12,40.27,56.43,17.33,5.84,10.1,231.66,always,6
569,27.6,36.41,44.4,15.58,7.07,6.21,392.46,often,4
570,37.61,30.92,26.12,30.53,7.27,8.03,423.88,never,8
571,25.46,28.99,44.23,25.44,8.53,8.93,388.12,always,2
572,32.06,41.97,43.04,13.89,4.82,5.08,394.99,often,2
573,28.0,40.01,46.33,32.93,2.84,4.01,401.25,sometimes,0
574,32.38,35.24,39.58,38.13,3.8,9.75,151.77,sometimes,0
575,37.52,30.34,42.32,26.85,5.69,4.54,403.03,never,6
576,31.36,32.84,23.93,17.46,3.46,7.29,468.39,sometimes,3
577,31.84,43.17,41.94,37.14,4.38,4.62,241.34,often,4
578,30.6,36.79,40.74,28.0,5.69,3.27,201.66,never,5
579,30.36,29.75,44.99,17.83,4.11,2.7,482.25,often,3
580,23.3,39.86,38.67,26.54,4.01,5.35,269.77,always,9
581,33.63,31.39,43.98,21.29,6.91,5.81,327.39,often,6
582,33.94,32.82,43.56,33.03,5.82,2.46,380.79,sometimes,3
583,30.68,37.35,48.07,29.85,8.85,9.37,131.79,always,4
584,35.34,32.6,38.6,34.01,8.87,5.76,193.77,sometimes,8
585,30.38,35.22,31.09,34.5,4.66,9.03,292.96,often,1
586,25.84,37.08,30.09,18.73,8.4,8.09,390.46,never,4
587,33.38,27.3,56.0,35.81,5.75,5.45,203.88,sometimes,6
588,37.3,30.31,53.56,20.13,8.12,5.32,465.86,always,5
589,29.62,39.52,59.18,27.62,3.81,9.74,226.53,sometimes,5
590,38.33,35.45,35.43,14.73,5.02,5.76,248.91,often,2
591,25.72,34.73,36.64,32.72,5.07,5.81,401.65,often,6
592,24.34,41.98,35.57,23.25,5.44,10.41,411.58,always,3
593,31.65,34.42,42.16,17.57,6.3,4.17,264.37,never,5
594,23.73,28.35,39.56,32.79,4.04,8.34,287.74,never,7
595,26.86,31.37,20.33,22.81,4.8,6.9,146.23,sometimes,2
596,27.38,32.33,36.77,33.1,6.03,4.68,385.61,always,5
597,28.97,32.87,45.94,35.4,5.85,7.06,257.25,sometimes,6
598,29.65,30.39,52.92,21.41,5.42,6.8,326.41,sometimes,6
599,27.09,32.87,39.8,21.27,4.53,3.53,356.18,sometimes,4
600,31.13,33.61,28.0,13.72,6.05,3.73,464.19,sometimes,3
601,34.51,34.39,30.54,22.59,7.68,4.23,221.04,sometimes,5
602,35.69,36.12,53.6,31.82,3.95,9.98,513.31,often,6
603,37.77,37.93,40.41,19.75,2.89,4.64,284.89,never,5
604,30.48,33.63,44.05,37.63,5.9,6.86,278.61,often,2
605,27.61,37.4,29.75,15.26,5.57,9.37,435.48,sometimes,9
606,30.45,35.81,40.36,25.15,2.9,3.26,180.0,often,2
607,27.09,37.72,33.18,22.84,5.76,6.91,424.8,often,6
608,26.2,35.91,39.23,27.3,4.8,4.85,331.8,sometimes,5
609,22.52,31.92,23.69,20.76,4.89,2.87,253.81,always,8
610,35.4,33.32,46.17,19.91,4.71,6.39,193.37,often,3
611,28.87,41.66,22.86,24.41,6.06,7.03,383.01,often,7
612,30.91,39.82,23.83,17.86,2.75,8.75,262.88,sometimes,0
613,31.01,32.59,34.21,20.77,3.98,6.81,297.55,often,5
614,38.32,40.15,23.06,20.41,7.83,4.34,207.76,sometimes,3
615,31.57,39.38,49.11,32.14,6.18,8.77,277.88,never,0
616,25.83,37.29,38.15,25.76,7.09,6.54,349.51,sometimes,5
617,29.28,35.21,41.17,21.32,6.84,5.52,174.11,sometimes,1
618,29.78,32.62,40.6,35.59,8.09,9.16,102.83,often,5
619,21.13,31.61,33.69,20.98,3.25,4.3,560.91,sometimes,3
620,29.09,33.18,52.06,17.28,5.47,4.8,195.83,often,4
621,27.89,34.37,42.52,20.94,8.23,5.32,353.44,often,5
622,27.29,38.83,54.88,14.5,6.97,4.15,320.28,always,4
623,31.19,33.39,27.62,25.92,6.27,1.58,499.41,sometimes,3
624,23.71,36.31,29.5,32.36,4.58,5.3,341.9,sometimes,7
625,31.19,31.45,27.54,28.72,3.84,3.97,429.06,always,1
626,30.06,35.77,52.68,37.18,5.74,3.38,247.62,often,3
627,30.35,36.12,38.41,12.76,3.79,5.39,509.48,sometimes,4
628,33.12,36.85,31.77,30.82,5.84,4.07,369.3,always,1
629,22.98,33.65,40.12,18.02,6.69,10.01,408.41,always,5
630,26.77,41.13,31.47,15.12,9.24,10.11,124.56,sometimes,1
631,34.34,29.62,43.67,21.97,6.92,4.46,171.46,often,7
632,28.95,27.7,45.16,30.16,5.16,8.33,345.72,often,8
633,31.68,39.37,46.52,14.8,4.84,6.38,377.54,never,7
634,29.81,33.35,33.76,24.52,8.11,4.19,86.5,always,6
635,26.31,30.92,42.22,21.21,7.51,4.41,322.2,never,3
636,28.9,37.02,33.48,33.72,3.1,5.55,181.25,often,6
637,35.25,32.52,32.82,35.39,5.96,5.18,282.96,often,6
638,29.0,39.38,37.31,27.26,8.95,8.21,160.21,sometimes,6
639,24.11,27.99,27.77,13.65,4.27,5.18,376.59,never,4
640,35.08,36.23,53.82,20.12,5.37,4.92,438.25,sometimes,9
641,35.8,36.46,38.66,23.6,7.65,1.85,406.7,often,0
642,24.75,37.71,38.62,16.65,7.3,7.26,337.08,always,3
643,26.1,31.01,42.58,24.88,8.98,3.13,408.22,often,2
644,32.49,38.51,28.81,29.99,6.73,5.79,133.94,often,6
645,33.98,32.61,40.2,17.03,7.09,1.41,269.25,sometimes,3
646,25.57,33.68,54.22,32.96,5.08,7.75,210.96,never,0
647,29.78,34.87,42.22,20.66,5.32,9.05,250.32,often,3
648,32.92,31.67,47.32,33.89,7.34,5.85,310.27,often,6
649,34.35,36.96,26.47,26.88,2.59,4.74,200.8,never,0
650,29.28,25.86,54.13,31.89,5.48,5.63,423.46,always,0
651,28.44,34.51,40.45,21.98,6.26,4.49,328.05,sometimes,5
652,31.95,32.14,47.95,34.43,3.94,8.09,313.44,sometimes,7
653,28.74,34.57,54.32,22.22,7.76,8.57,321.16,sometimes,6
654,30.49,37.73,31.87,26.87,2.95,6.14,311.6,sometimes,0
655,28.87,34.95,35.63,13.89,5.23,6.82,469.38,never,3
656,21.55,27.57,45.45,23.81,3.98,7.45,300.36,always,3
657,38.41,42.82,39.12,27.7,4.73,4.1,115.94,often,3
658,33.06,38.04,36.77,31.73,8.06,3.64,516.95,always,0
659,33.78,39.48,46.26,31.92,6.66,5.56,569.59,never,5
660,31.02,43.74,50.31,33.42,4.35,7.42,94.07,sometimes,4
661,23.53,38.11,32.61,25.11,4.6,5.88,491.86,sometimes,2
662,26.65,39.26,33.37,20.22,4.44,6.47,97.59,sometimes,6
663,24.53,30.48,25.2,16.52,5.05,2.96,277.12,always,8
664,30.75,36.17,34.02,33.03,4.15,9.87,180.28,sometimes,6
665,30.84,36.98,52.3,36.67,5.61,4.38,233.13,sometimes,1
666,21.84,37.55,32.49,12.73,3.97,6.66,225.05,never,3
667,22.53,38.48,29.87,22.13,6.46,9.11,175.1,often,2
668,32.94,39.49,29.64,33.92,5.88,2.78,226.68,always,5
669,31.36,29.53,43.25,14.62,5.72,8.11,288.16,often,2
670,27.67,41.62,40.51,14.47,9.16,6.35,261.6,often,1
671,29.79,33.86,34.52,18.55,6.85,7.55,411.43,always,9
672,26.24,40.02,44.56,26.9,5.81,6.08,337.37,never,6
673,38.32,38.0,40.72,18.75,5.26,3.39,328.86,sometimes,3
674,24.08,38.95,52.86,16.51,8.17,5.2,95.19,always,0
675,27.55,35.46,52.81,26.94,4.92,2.46,507.14,sometimes,3
676,37.8,34.93,50.08,22.7,7.68,4.84,224.64,sometimes,0
677,30.58,36.03,43.84,16.93,5.07,6.65,462.33,never,7
678,29.87,35.81,45.73,32.02,6.21,4.5,486.2,always,3
679,33.02,41.65,43.26,14.7,2.97,4.98,536.03,sometimes,7
680,29.69,37.42,20.99,23.47,6.47,8.93,265.9,often,0
681,31.48,40.8,43.98,24.92,4.79,3.48,388.84,sometimes,0
682,27.41,30.34,39.49,20.69,2.96,9.95,435.16,often,10
683,25.01,41.11,39.32,15.7,5.4,6.56,130.26,always,4
684,29.55,36.52,53.7,21.42,4.41,8.17,68.39,sometimes,0
685,32.22,33.0,39.92,30.96,9.06,6.89,499.82,always,3
686,31.08,30.6,43.72,25.04,5.77,7.45,240.48,sometimes,2
687,29.22,34.73,42.66,22.3,7.52,8.51,205.03,always,4
688,36.37,35.62,47.18,25.17,7.08,6.19,342.53,often,4
689,33.28,30.62,33.35,20.67,6.95,5.16,85.13,sometimes,4
690,34.86,36.03,31.89,21.92,2.43,5.29,482.74,often,8
691,33.3,35.64,32.26,28.54,4.74,3.85,252.7,always,0
692,34.89,34.64,51.63,25.96,5.53,4.94,376.76,always,3
693,35.19,34.74,25.59,28.61,5.55,6.43,182.38,always,7
694,26.24,27.84,32.5,27.65,6.21,7.35,433.73,sometimes,4
695,30.86,33.77,44.7,26.64,5.6,5.45,250.61,often,0
696,26.75,42.66,42.8,16.6,2.26,10.19,286.83,often,6
697,28.14,33.45,49.94,19.0,5.15,7.67,243.35,often,3
698,32.42,40.43,39.93,25.28,7.76,7.53,297.42,sometimes,0
699,34.86,41.5,37.48,29.18,5.69,7.22,220.55,sometimes,5
700,28.3,35.51,39.04,25.3,3.19,1.62,346.79,sometimes,5
701,27.19,36.13,48.62,24.29,6.66,7.62,285.16,often,1
702,30.45,35.64,43.4,29.77,5.38,8.79,121.8,sometimes,0
703,35.85,37.14,34.69,22.43,5.09,8.83,563.09,often,3
704,34.23,27.96,35.21,19.52,2.32,5.97,287.38,often,6
705,34.66,41.87,46.49,13.43,5.76,5.68,422.55,often,4
706,30.3,30.02,47.87,22.98,4.27,3.25,295.28,sometimes,2
707,24.66,31.06,33.32,30.75,7.67,4.34,547.07,always,6
708,30.93,37.61,31.95,16.81,5.71,8.32,332.97,always,0
709,25.09,37.34,35.22,21.67,5.58,9.0,276.88,sometimes,4
710,27.99,36.16,37.38,34.26,8.5,5.36,323.92,often,3
711,32.5,35.77,45.82,23.6,6.83,7.49,232.45,sometimes,0
712,22.54,34.87,44.66,25.62,4.81,2.84,475.86,sometimes,6
713,33.16,31.73,32.31,19.11,6.57,5.46,574.55,never,3
714,31.75,31.86,44.81,29.46,7.91,10.6,371.84,often,7
715,29.01,37.17,34.83,19.35,5.08,5.55,236.78,never,2
716,29.51,38.68,50.77,24.67,6.06,2.96,249.28,sometimes,3
717,37.62,28.56,55.5,13.44,9.13,8.0,539.97,often,0
718,31.61,38.2,37.56,36.07,4.72,9.93,363.61,always,4
719,29.17,33.83,29.63,30.2,5.78,4.0,525.46,often,4
720,30.65,34.66,31.49,29.59,6.95,4.37,241.45,often,5
721,32.29,33.22,33.7,17.23,4.09,6.99,397.47,sometimes,3
722,35.21,34.6,27.89,18.19,6.24,2.6,277.98,often,1
723,25.39,36.27,43.49,33.29,3.87,9.1,455.71,always,4
724,36.7,36.51,37.06,13.74,6.55,5.1,215.07,always,0
725,21.83,35.77,52.15,20.31,4.45,5.91,260.36,always,0
726,25.5,36.81,32.32,24.08,5.31,7.95,167.79,often,10
727,27.67,37.29,41.86,26.0,5.49,3.73,357.94,sometimes,6
728,30.4,33.73,40.99,21.94,5.66,7.97,447.76,sometimes,4
729,24.36,37.56,58.74,21.16,4.49,4.91,291.1,always,4
730,31.43,35.33,36.03,35.68,8.51,7.8,414.26,sometimes,1
731,26.77,34.67,40.98,24.95,9.17,5.21,462.55,never,0
732,29.17,39.3,45.0,28.43,4.97,3.71,358.06,often,4
733,32.31,28.72,34.44,25.89,5.56,4.16,150.42,often,4
734,31.16,30.75,40.56,20.9,6.55,4.88,363.62,often,7
735,34.18,37.01,30.44,29.99,7.01,6.33,387.25,sometimes,4
736,27.15,38.89,36.37,31.37,5.33,5.73,240.57,sometimes,4
737,31.29,39.68,47.66,31.35,6.71,6.98,477.21,often,7
738,34.76,29.28,45.7,30.24,5.46,2.67,248.33,often,4
739,31.43,35.74,39.67,15.01,3.01,3.74,149.54,sometimes,4
740,33.38,31.5,34.65,28.33,3.22,10.07,435.01,always,6
741,26.9,31.62,46.35,22.11,4.55,8.37,410.29,sometimes,6
742,28.46,37.13,38.35,22.88,4.27,4.08,321.23,sometimes,5
743,24.65,29.94,38.23,22.62,4.87,5.03,205.31,often,3
744,28.08,33.46,35.84,23.51,6.85,3.52,347.36,always,6
745,25.64,34.36,47.58,23.36,4.96,6.28,328.78,sometimes,11
746,33.81,35.09,29.24,26.73,4.29,8.04,187.16,sometimes,0
747,35.59,31.95,20.91,19.67,5.13,6.53,207.54,often,8
748,30.97,32.43,40.08,20.47,2.66,4.51,337.29,always,5
749,36.3,35.66,45.09,30.67,4.54,7.11,283.04,sometimes,5
750,32.58,28.0,43.13,14.35,5.35,9.82,467.05,always,0
751,26.84,29.4,34.86,19.87,6.11,5.92,243.01,sometimes,4
752,29.2,33.06,31.02,38.05,4.98,8.88,269.92,often,5
753,34.17,35.1,44.64,24.71,3.88,3.85,345.54,often,6
754,32.89,30.8,30.05,30.28,5.69,7.78,436.35,sometimes,6
755,33.74,36.98,29.1,30.85,5.62,5.22,158.73,often,0
756,23.8,37.97,39.56,21.15,3.7,6.4,328.2,sometimes,5
757,34.98,36.81,33.84,17.16,8.48,8.27,523.63,often,5
758,30.52,38.13,46.25,25.91,7.23,4.99,238.62,often,4
759,29.45,28.45,43.69,24.02,5.1,3.96,242.41,never,7
760,31.41,32.4,55.99,34.56,3.07,6.82,505.24,sometimes,5
761,23.69,30.27,23.22,22.44,5.24,6.39,352.67,often,5
762,26.03,29.79,39.21,16.47,4.48,3.82,116.83,sometimes,5
763,29.96,31.3,40.83,37.07,6.57,6.76,384.94,sometimes,1
764,26.62,35.96,45.52,28.9,9.09,3.72,284.56,often,0
765,30.93,28.55,55.68,29.85,5.79,6.96,290.41,sometimes,6
766,25.49,37.77,35.09,23.52,8.02,7.74,183.03,often,1
767,26.78,33.71,32.72,26.18,4.64,6.25,535.86,often,2
768,24.17,33.29,48.1,15.11,3.74,9.33,141.14,never,1
769,23.9,36.09,33.31,22.81,6.8,5.05,125.27,always,2
770,30.23,35.35,35.18,24.09,2.78,8.16,243.39,often,0
771,33.69,33.25,42.86,33.49,7.98,6.5,432.67,always,7
772,27.72,38.37,44.12,29.09,8.1,8.9,184.93,sometimes,4
773,36.73,37.96,37.69,13.17,5.39,7.61,533.52,always,6
774,28.91,37.15,39.04,21.08,5.05,8.22,399.57,often,1
775,28.26,36.82,23.19,28.78,4.72,7.51,437.74,never,1
776,27.86,32.5,42.6,23.95,5.46,6.81,120.2,sometimes,4
777,29.39,37.14,44.78,17.51,3.09,8.43,252.87,never,5
778,25.6,35.43,29.34,20.48,7.78,2.35,130.25,often,4
779,31.64,32.05,32.57,18.12,3.98,4.66,204.44,often,2
780,30.46,37.83,48.25,13.23,5.91,7.49,214.69,sometimes,6
781,27.51,38.82,29.14,24.58,3.51,5.8,204.57,often,3
782,29.17,29.96,51.46,17.6,6.05,4.5,354.3,always,4
783,28.99,35.11,53.54,27.38,7.54,6.58,242.08,sometimes,4
784,21.18,35.75,48.53,15.92,3.88,4.22,453.74,sometimes,4
785,30.62,31.24,49.28,35.98,6.09,5.82,437.96,never,6
786,27.14,42.28,43.57,31.8,4.96,8.38,522.81,sometimes,0
787,39.21,35.54,49.49,15.1,5.88,6.38,464.78,always,5
788,31.43,38.84,45.67,31.01,4.55,3.91,340.91,often,3
789,29.79,43.52,37.01,22.94,2.97,7.44,435.07,never,6
790,33.14,39.32,28.57,17.07,4.72,6.77,111.02,often,5
791,35.23,35.8,37.27,33.41,2.71,8.83,370.71,often,6
792,39.58,32.81,47.21,34.17,2.79,7.49,469.34,sometimes,6
793,26.57,43.98,40.75,26.51,5.51,4.27,173.65,often,9
794,38.28,41.47,33.5,35.25,4.96,2.58,220.56,sometimes,0
795,35.44,37.64,40.28,28.07,4.7,7.8,462.68,sometimes,4
796,25.15,33.87,53.33,32.77,4.47,4.46,346.69,often,5
797,34.43,39.17,33.49,20.13,7.28,8.86,357.5,never,5
798,25.84,33.96,56.28,18.04,7.31,5.54,255.13,always,4
799,32.03,33.83,30.01,25.59,7.35,7.22,391.24,sometimes,5
800,31.31,43.77,36.47,18.36,5.21,6.95,306.39,often,6
801,31.73,41.69,56.37,24.39,7.49,5.84,290.78,often,3
802,30.67,40.73,33.21,22.14,5.63,10.71,165.98,always,4
803,37.48,29.83,26.94,15.71,8.17,4.48,293.09,always,0
804,39.18,34.94,37.52,22.87,3.61,3.96,306.39,often,8
805,29.85,39.69,38.27,16.0,7.11,3.07,230.58,sometimes,3
806,32.15,34.43,29.1,21.45,6.27,6.04,494.49,sometimes,2
807,34.07,37.19,25.28,16.85,7.64,5.81,326.73,never,6
808,35.73,33.74,38.14,32.69,9.64,6.2,326.09,often,5
809,28.4,36.4,38.45,37.23,4.57,3.3,257.56,sometimes,3
810,29.99,33.64,38.97,20.7,3.96,4.1,110.14,sometimes,3
811,34.97,39.35,48.15,23.09,9.65,6.34,203.37,often,7
812,29.37,29.45,35.28,28.99,5.84,4.85,332.12,often,6
813,25.33,27.22,41.15,24.69,3.11,6.56,398.11,always,7
814,29.53,37.33,29.6,27.86,6.91,6.02,259.03,sometimes,1
815,25.84,36.75,34.08,21.56,7.48,9.9,298.19,often,4
816,26.79,37.45,47.51,17.38,4.78,5.13,139.2,often,3
817,24.12,30.08,39.88,31.0,5.61,8.11,220.04,never,0
818,35.96,38.96,49.0,22.13,4.81,8.9,220.13,sometimes,2
819,29.51,30.84,32.68,27.97,4.29,2.74,161.55,sometimes,3
820,22.76,37.87,39.8,24.32,6.33,5.89,160.56,sometimes,5
821,31.93,30.07,44.43,24.01,6.16,5.68,195.99,often,4
822,27.68,35.91,41.43,13.19,3.34,3.54,298.86,often,5
823,35.77,36.51,31.58,25.75,7.41,8.65,346.5,never,5
824,24.65,35.72,36.86,28.6,4.73,7.48,334.81,often,4
825,29.14,37.06,41.69,28.1,3.6,6.34,202.17,never,0
826,30.48,26.37,40.89,20.3,5.79,4.32,221.07,sometimes,0
827,27.49,38.3,32.36,27.59,5.87,7.17,306.79,often,7
828,35.72,32.83,46.65,34.54,8.18,6.62,401.1,sometimes,9
829,35.79,42.26,31.49,35.57,8.37,8.38,233.89,often,6
830,28.11,35.82,40.27,24.22,3.37,2.47,257.09,often,5
831,29.48,34.11,35.93,29.52,4.28,7.92,289.75,often,5
832,35.92,41.85,38.61,20.46,4.59,5.46,331.76,often,7
833,32.22,35.85,53.29,23.23,6.75,4.62,306.78,sometimes,4
834,34.16,31.07,29.42,33.75,3.37,2.16,289.25,always,5
835,30.43,42.91,44.22,37.5,6.58,6.39,320.8,often,5
836,22.75,37.79,49.18,18.73,3.71,6.82,353.46,often,4
837,27.23,29.6,43.19,19.86,7.67,5.91,226.14,often,2
838,25.55,34.5,39.73,22.64,8.04,9.5,477.1,often,2
839,31.02,28.12,41.79,36.14,4.21,3.56,401.19,often,3
840,28.84,38.88,43.57,24.47,6.09,7.03,279.82,often,4
841,28.28,37.21,46.73,34.87,3.2,5.12,328.91,always,3
842,31.19,40.05,34.83,34.39,5.96,9.27,457.7,sometimes,0
843,27.9,30.02,48.17,17.79,8.4,7.72,456.53,often,0
844,30.11,26.25,42.93,31.15,7.54,5.99,424.47,sometimes,5
845,31.58,38.5,49.97,32.3,3.9,8.29,418.15,sometimes,3
846,28.56,30.18,39.73,20.32,5.45,6.75,297.21,often,6
847,28.85,30.87,40.95,20.53,9.0,4.1,302.38,sometimes,0
848,23.05,37.88,45.63,19.73,4.13,5.51,432.15,sometimes,3
849,30.51,32.51,26.57,35.97,5.41,2.05,182.26,often,6
850,38.21,33.55,47.67,18.55,6.98,8.05,287.75,sometimes,4
851,33.97,34.95,35.97,19.61,4.98,4.45,284.84,often,6
852,25.22,39.31,36.43,23.28,6.12,2.77,285.35,always,3
853,22.27,35.22,25.01,36.1,8.71,5.44,166.39,often,4
854,31.37,31.49,31.8,28.99,9.64,7.49,338.35,often,2
855,20.35,29.78,49.55,21.38,3.01,3.34,323.19,always,3
856,32.62,43.12,39.76,35.54,4.42,6.77,307.04,always,6
857,32.92,28.08,46.63,25.28,5.57,5.29,272.63,always,4
858,29.65,37.32,38.66,35.13,9.04,7.57,246.52,sometimes,0
859,26.98,33.5,42.7,31.87,7.22,4.72,287.99,always,4
860,25.8,31.21,45.28,19.93,7.46,3.16,137.51,never,2
861,28.39,33.35,35.25,15.0,6.74,2.59,153.22,always,0
862,26.85,35.04,39.26,13.93,7.27,5.17,316.3,sometimes,5
863,35.84,29.87,42.74,14.11,5.83,1.37,221.8,often,4
864,25.13,33.95,41.48,19.14,2.57,3.9,433.77,sometimes,0
865,25.54,41.85,36.05,16.35,3.63,7.6,437.54,often,2
866,28.82,35.94,33.06,22.15,4.97,8.98,252.17,always,2
867,35.16,33.67,44.39,22.57,5.43,5.25,308.39,sometimes,3
868,26.55,38.91,42.33,20.28,6.61,4.23,351.23,sometimes,4
869,28.42,27.13,42.47,22.12,3.99,5.59,365.45,often,5
870,26.53,40.38,44.55,31.84,4.76,2.56,219.16,sometimes,0
871,28.91,28.45,44.6,23.18,3.76,2.5,137.94,sometimes,3
872,32.93,35.75,53.27,25.3,7.2,9.63,224.55,often,6
873,26.89,28.88,44.17,11.77,2.79,10.7,344.78,always,5
874,24.34,36.78,46.8,22.6,3.7,4.73,367.62,sometimes,5
875,26.24,43.51,35.15,35.84,5.86,5.6,130.8,sometimes,5
876,26.57,36.47,41.95,16.19,7.75,7.58,561.71,sometimes,4
877,31.73,39.39,51.73,15.29,7.39,8.58,313.58,sometimes,2
878,30.42,34.4,48.14,16.88,6.24,5.44,282.28,sometimes,2
879,31.23,38.01,40.12,20.25,3.85,7.87,184.93,sometimes,0
880,30.4,37.58,47.32,24.32,9.79,3.87,440.32,often,0
881,25.98,32.13,47.82,32.87,5.72,3.86,455.25,sometimes,7
882,34.24,34.97,50.0,20.88,5.22,5.6,504.59,always,2
883,29.27,41.46,39.32,22.52,5.7,4.51,442.12,often,4
884,29.28,37.63,30.4,25.31,5.19,5.33,591.8,always,4
885,38.11,35.42,27.88,33.47,4.64,8.4,231.08,sometimes,1
886,30.04,39.67,45.87,33.72,4.96,9.58,306.64,often,7
887,30.05,37.74,31.64,13.23,4.2,8.32,363.45,often,1
888,29.66,37.87,46.19,16.92,5.29,7.41,463.1,often,2
889,32.08,27.94,48.79,17.61,5.69,8.61,258.0,always,4
890,27.21,26.8,55.07,36.78,4.59,7.82,435.65,sometimes,4
891,25.46,40.29,46.66,28.01,3.5,6.24,196.28,often,5
892,38.4,34.55,47.62,22.86,4.76,4.94,414.84,sometimes,3
893,27.35,32.27,44.82,25.69,6.87,8.67,183.54,sometimes,5
894,33.53,37.19,46.7,32.86,6.39,5.75,283.02,always,0
895,30.1,35.29,35.88,22.9,2.99,8.11,286.96,sometimes,0
896,21.41,43.23,51.51,21.06,5.42,4.97,320.39,sometimes,6
897,21.73,39.49,42.31,27.23,4.28,6.16,238.86,sometimes,2
898,33.3,34.53,38.64,18.72,5.18,1.26,241.03,sometimes,3
899,36.95,30.11,28.37,19.44,5.91,8.3,251.85,sometimes,4
900,33.43,37.24,40.26,14.25,4.21,7.28,426.26,sometimes,8
901,30.59,37.4,29.37,24.55,5.72,3.26,543.07,sometimes,0
902,25.32,36.32,21.84,27.7,5.01,7.24,225.64,often,8
903,32.8,33.22,54.4,18.97,4.66,7.4,160.48,often,0
904,22.55,38.49,35.77,37.58,4.68,7.96,182.74,never,5
905,28.06,26.47,47.24,30.4,3.51,4.08,166.51,often,4
906,35.74,39.09,30.96,22.3,6.59,4.57,300.05,always,0
907,28.32,42.07,49.1,22.58,5.27,4.52,232.46,sometimes,0
908,31.41,29.84,47.91,32.84,6.57,9.07,241.05,often,4
909,35.23,35.93,43.79,14.59,4.55,9.83,427.32,sometimes,0
910,33.66,38.0,49.04,13.43,9.06,7.88,225.05,sometimes,5
911,22.53,32.24,28.71,20.99,7.0,7.69,351.0,often,5
912,38.09,36.06,39.59,33.44,3.11,2.83,135.07,sometimes,0
913,29.22,33.54,31.55,23.38,5.32,4.06,413.3,often,2
914,27.67,32.72,54.16,21.63,5.08,4.87,268.07,sometimes,3
915,31.76,33.68,44.82,37.57,5.78,2.38,437.64,often,4
916,24.72,40.71,48.83,24.2,3.96,7.15,449.64,sometimes,4
917,34.27,41.54,26.92,26.75,4.51,4.04,332.11,sometimes,4
918,30.43,34.13,35.25,35.96,3.65,5.42,423.27,often,2
919,33.35,36.37,44.87,20.02,8.72,5.9,307.84,sometimes,3
920,34.84,30.53,28.32,16.42,7.6,7.89,259.09,often,3
921,26.83,34.94,27.8,27.69,4.23,5.98,313.86,often,3
922,35.85,30.24,35.16,28.56,3.52,3.73,243.13,often,4
923,30.36,36.31,39.59,31.42,5.24,5.68,502.13,sometimes,8
924,34.11,37.82,41.96,19.32,4.89,9.53,248.95,often,5
925,32.88,31.76,35.2,32.82,7.84,8.53,189.27,often,0
926,37.01,40.22,30.88,21.21,8.14,7.44,292.96,often,6
927,34.5,37.46,33.37,24.67,4.86,6.13,374.31,always,0
928,29.46,37.44,37.96,21.55,6.97,7.05,158.56,often,3
929,29.89,40.32,54.53,22.33,7.34,6.3,147.11,often,5
930,35.36,33.1,34.86,26.75,4.43,5.93,119.45,often,5
931,24.86,33.15,36.41,24.68,8.4,5.06,384.05,sometimes,5
932,30.27,34.64,55.2,18.74,5.09,9.03,437.89,sometimes,6
933,31.47,35.72,39.87,32.11,5.46,8.81,94.38,sometimes,7
934,33.83,31.23,51.01,18.99,8.51,5.09,326.3,always,0
935,26.23,29.75,40.67,13.11,3.71,6.59,261.08,often,5
936,29.84,33.08,43.15,25.34,3.5,3.47,241.74,always,4
937,30.29,37.68,39.55,16.9,5.7,3.83,195.4,never,0
938,24.66,31.85,48.08,28.13,4.87,8.77,351.38,never,6
939,27.93,29.85,45.4,29.03,3.09,7.41,169.34,never,6
940,23.79,33.54,37.06,16.33,5.41,3.77,480.05,sometimes,5
941,27.93,31.99,42.24,16.45,8.74,6.14,494.75,often,4
942,23.13,36.75,42.34,23.92,2.74,3.93,290.43,often,3
943,39.7,29.59,42.9,34.65,5.98,6.75,337.16,sometimes,4
944,30.65,34.86,37.3,20.15,4.93,5.87,317.34,sometimes,6
945,27.11,35.94,40.09,17.14,7.12,4.3,385.02,sometimes,0
946,33.95,37.69,24.46,20.7,9.41,5.62,349.99,often,0
947,26.9,35.74,38.88,15.24,5.41,4.48,424.83,sometimes,5
948,26.58,39.33,44.97,36.26,3.11,7.28,86.23,sometimes,3
949,29.41,39.6,47.43,21.63,4.71,4.2,149.7,often,0
950,36.74,37.68,33.89,33.16,7.29,4.5,121.3,never,6
951,28.82,37.51,51.48,25.61,3.49,6.64,527.39,often,2
952,27.92,38.86,46.34,21.1,4.31,5.05,406.22,sometimes,2
953,36.33,33.4,46.38,23.24,6.64,2.42,222.02,never,7
954,25.35,35.96,35.64,24.01,4.9,5.96,241.25,often,8
955,30.06,32.86,30.88,18.87,7.72,7.67,514.07,often,10
956,28.76,39.76,29.86,23.64,4.9,8.57,279.48,always,4
957,28.52,32.14,45.65,29.41,4.96,4.67,154.16,sometimes,6
958,30.99,40.86,39.72,17.54,7.97,2.15,522.98,often,4
959,27.06,40.43,50.79,16.02,7.36,3.32,460.14,often,0
960,30.43,34.91,34.26,15.14,5.56,6.87,459.94,often,3
961,20.94,33.92,54.62,20.98,3.91,4.12,568.5,sometimes,2
962,26.34,33.82,51.8,16.88,7.78,4.58,176.39,always,6
963,31.66,34.74,32.7,27.52,8.3,5.22,258.5,never,4
964,30.43,38.23,36.98,22.57,4.67,6.95,194.65,always,5
965,26.47,28.34,49.9,27.96,5.77,1.93,333.94,never,6
966,33.09,33.23,34.37,24.74,7.03,6.62,374.66,often,2
967,31.21,32.64,34.94,22.09,5.29,5.92,303.27,often,0
968,25.76,37.36,32.54,14.44,5.4,9.43,321.74,never,3
969,30.43,30.78,44.63,22.71,5.22,4.82,429.06,often,3
970,33.34,29.97,43.81,27.96,5.7,4.86,395.3,sometimes,1
971,31.35,30.92,38.18,26.02,6.38,6.51,244.53,often,3
972,23.65,35.51,31.34,21.06,5.76,7.54,277.35,never,0
973,29.86,40.4,27.45,35.24,4.78,6.29,409.47,sometimes,4
974,27.25,29.49,58.69,22.63,6.79,5.12,226.65,sometimes,4
975,28.11,36.64,37.52,16.33,5.82,3.06,150.22,always,0
976,28.12,39.0,46.17,12.3,8.6,9.64,330.31,often,6
977,30.18,25.55,52.73,19.69,2.46,10.93,417.62,sometimes,0
978,28.67,37.34,29.92,21.9,3.35,5.07,263.03,often,5
979,33.17,39.64,41.09,30.61,5.23,5.61,98.62,sometimes,3
980,31.59,38.54,38.16,33.9,7.08,5.3,250.79,never,4
981,29.86,29.19,49.9,20.37,5.67,3.1,324.1,always,5
982,32.29,29.62,47.17,34.11,6.61,7.36,122.85,often,3
983,31.29,30.57,23.96,22.04,3.23,7.44,122.91,never,0
984,28.67,40.41,36.48,32.66,5.35,9.63,229.35,often,5
985,35.74,35.81,32.47,22.91,7.22,3.13,422.43,often,5
986,34.13,37.96,25.77,16.44,6.76,6.11,508.88,often,1
987,30.96,30.07,34.21,24.32,6.77,4.56,387.9,often,0
988,35.14,39.63,39.66,15.65,5.77,4.6,173.9,always,0
989,30.46,35.79,34.32,12.27,4.0,2.55,284.04,sometimes,5
990,30.04,36.8,42.78,25.25,6.06,5.38,390.9,always,0
991,31.74,36.96,41.17,19.66,6.85,6.43,127.39,often,6
992,28.29,36.13,51.37,15.99,8.85,5.21,188.81,often,9
993,27.75,34.26,36.52,19.2,8.96,8.5,299.76,never,6
994,23.97,27.98,50.78,15.43,9.74,10.26,413.52,sometimes,0
995,34.25,30.63,46.35,19.85,9.15,1.55,206.52,often,4
996,31.82,34.16,44.22,24.23,5.82,8.95,246.78,always,0
997,35.84,30.51,37.7,12.57,5.54,4.98,534.7,sometimes,2
998,27.74,44.47,30.02,20.94,3.76,3.03,284.63,often,5
999,28.56,25.53,48.86,24.39,3.8,6.54,341.34,often,0
1000,33.88,28.62,47.83,30.4,5.83,6.75,276.59,sometimes,2
